Component 1 (with lower melting temperature),Smiles 1,"Melting temperature (T1), K",Component 2 (with higher melting temperature),Smiles 2,"Melting temperature (T2), K",Reference DOI for T2,DES melting temperature,molar ratio of component 1,Phase diagram,Reference DOI for DES-related data,Type
Capric Acid,CCCCCCCCCC(=O)O,304.8,Lauric Acid,CCCCCCCCCCCC(=O)O,317.5,10.1016/j.gee.2020.11.020,314.86,0.101,Yes,10.1016/j.chemphyslip.2009.05.004,Type V
Capric Acid,CCCCCCCCCC(=O)O,304.8,Lauric Acid,CCCCCCCCCCCC(=O)O,317.5,10.1016/j.gee.2020.11.020,311.94,0.1993,Yes,10.1016/j.chemphyslip.2009.05.004,Type V
Capric Acid,CCCCCCCCCC(=O)O,304.8,Lauric Acid,CCCCCCCCCCCC(=O)O,317.5,10.1016/j.gee.2020.11.020,308.8,0.2999,Yes,10.1016/j.chemphyslip.2009.05.004,Type V
Capric Acid,CCCCCCCCCC(=O)O,304.8,Lauric Acid,CCCCCCCCCCCC(=O)O,317.5,10.1016/j.gee.2020.11.020,304.61,0.40010000000000001,Yes,10.1016/j.chemphyslip.2009.05.004,Type V
Capric Acid,CCCCCCCCCC(=O)O,304.8,Lauric Acid,CCCCCCCCCCCC(=O)O,317.5,10.1016/j.gee.2020.11.020,302.8,0.44569999999999999,Yes,10.1016/j.chemphyslip.2009.05.004,Type V
Capric Acid,CCCCCCCCCC(=O)O,304.8,Lauric Acid,CCCCCCCCCCCC(=O)O,317.5,10.1016/j.gee.2020.11.020,299.06,0.50019999999999998,Yes,10.1016/j.chemphyslip.2009.05.004,Type V
Capric Acid,CCCCCCCCCC(=O)O,304.8,Lauric Acid,CCCCCCCCCCCC(=O)O,317.5,10.1016/j.gee.2020.11.020,296.77,0.55300000000000005,Yes,10.1016/j.chemphyslip.2009.05.004,Type V
Capric Acid,CCCCCCCCCC(=O)O,304.8,Lauric Acid,CCCCCCCCCCCC(=O)O,317.5,10.1016/j.gee.2020.11.020,296.31,0.59889999999999999,Yes,10.1016/j.chemphyslip.2009.05.004,Type V
Capric Acid,CCCCCCCCCC(=O)O,304.8,Lauric Acid,CCCCCCCCCCCC(=O)O,317.5,10.1016/j.gee.2020.11.020,295.33,0.65290000000000004,Yes,10.1016/j.chemphyslip.2009.05.004,Type V
Capric Acid,CCCCCCCCCC(=O)O,304.8,Lauric Acid,CCCCCCCCCCCC(=O)O,317.5,10.1016/j.gee.2020.11.020,294.75,0.70009999999999994,Yes,10.1016/j.chemphyslip.2009.05.004,Type V
Capric Acid,CCCCCCCCCC(=O)O,304.8,Lauric Acid,CCCCCCCCCCCC(=O)O,317.5,10.1016/j.gee.2020.11.020,294.35000000000002,0.75160000000000005,Yes,10.1016/j.chemphyslip.2009.05.004,Type V
Capric Acid,CCCCCCCCCC(=O)O,304.8,Lauric Acid,CCCCCCCCCCCC(=O)O,317.5,10.1016/j.gee.2020.11.020,298.14999999999998,0.79979999999999996,Yes,10.1016/j.chemphyslip.2009.05.004,Type V
Capric Acid,CCCCCCCCCC(=O)O,304.8,Lauric Acid,CCCCCCCCCCCC(=O)O,317.5,10.1016/j.gee.2020.11.020,301.94,0.9,Yes,10.1016/j.chemphyslip.2009.05.004,Type V
Capric Acid,CCCCCCCCCC(=O)O,304.8,Menthol,CC(C)[C@@H]1CC[C@@H](C)C[C@H]1O,314.6,10.1016/j.gee.2020.11.020,307,0.1,Yes,10.3390/molecules25051077,Type V
Capric Acid,CCCCCCCCCC(=O)O,304.8,Menthol,CC(C)[C@@H]1CC[C@@H](C)C[C@H]1O,314.60000000000002,10.1016/j.gee.2020.11.020,298,0.2,Yes,10.3390/molecules25051077,Type V
Capric Acid,CCCCCCCCCC(=O)O,304.8,Menthol,CC(C)[C@@H]1CC[C@@H](C)C[C@H]1O,314.60000000000002,10.1016/j.gee.2020.11.020,288,0.3,Yes,10.3390/molecules25051077,Type V
Capric Acid,CCCCCCCCCC(=O)O,304.8,Menthol,CC(C)[C@@H]1CC[C@@H](C)C[C@H]1O,314.60000000000002,10.1016/j.gee.2020.11.020,279,0.4,Yes,10.3390/molecules25051077,Type V
Capric Acid,CCCCCCCCCC(=O)O,304.8,Menthol,CC(C)[C@@H]1CC[C@@H](C)C[C@H]1O,314.60000000000002,10.1016/j.gee.2020.11.020,287,0.5,Yes,10.3390/molecules25051077,Type V
Capric Acid,CCCCCCCCCC(=O)O,304.8,Menthol,CC(C)[C@@H]1CC[C@@H](C)C[C@H]1O,314.60000000000002,10.1016/j.gee.2020.11.020,292,0.6,Yes,10.3390/molecules25051077,Type V
Capric Acid,CCCCCCCCCC(=O)O,304.8,Menthol,CC(C)[C@@H]1CC[C@@H](C)C[C@H]1O,314.60000000000002,10.1016/j.gee.2020.11.020,296,0.7,Yes,10.3390/molecules25051077,Type V
Capric Acid,CCCCCCCCCC(=O)O,304.8,Menthol,CC(C)[C@@H]1CC[C@@H](C)C[C@H]1O,314.60000000000002,10.1016/j.gee.2020.11.020,299,0.8,Yes,10.3390/molecules25051077,Type V
Capric Acid,CCCCCCCCCC(=O)O,304.8,Menthol,CC(C)[C@@H]1CC[C@@H](C)C[C@H]1O,314.60000000000002,10.1016/j.gee.2020.11.020,303,0.9,Yes,10.3390/molecules25051077,Type V
Capric Acid,CCCCCCCCCC(=O)O,304.8,Myristic Acid,CCCCCCCCCCCCCC(=O)O,327,10.1016/j.gee.2020.11.020,325.01,0.098600,Yes,10.1021/je060146z,Type V
Capric Acid,CCCCCCCCCC(=O)O,304.8,Myristic Acid,CCCCCCCCCCCCCC(=O)O,327,10.1016/j.gee.2020.11.020,322.49,0.1968,Yes,10.1021/je060146z,Type V
Capric Acid,CCCCCCCCCC(=O)O,304.8,Myristic Acid,CCCCCCCCCCCCCC(=O)O,327,10.1016/j.gee.2020.11.020,319.72000000000003,0.29970000000000002,Yes,10.1021/je060146z,Type V
Capric Acid,CCCCCCCCCC(=O)O,304.8,Myristic Acid,CCCCCCCCCCCCCC(=O)O,327,10.1016/j.gee.2020.11.020,316.49,0.39850000000000002,Yes,10.1021/je060146z,Type V
Capric Acid,CCCCCCCCCC(=O)O,304.8,Myristic Acid,CCCCCCCCCCCCCC(=O)O,327,10.1016/j.gee.2020.11.020,312.27,0.49790000000000001,Yes,10.1021/je060146z,Type V
Capric Acid,CCCCCCCCCC(=O)O,304.8,Myristic Acid,CCCCCCCCCCCCCC(=O)O,327,10.1016/j.gee.2020.11.020,307.94,0.59860000000000002,Yes,10.1021/je060146z,Type V
Capric Acid,CCCCCCCCCC(=O)O,304.8,Myristic Acid,CCCCCCCCCCCCCC(=O)O,327,10.1016/j.gee.2020.11.020,305.12,0.64900000000000002,Yes,10.1021/je060146z,Type V
Capric Acid,CCCCCCCCCC(=O)O,304.8,Myristic Acid,CCCCCCCCCCCCCC(=O)O,327,10.1016/j.gee.2020.11.020,300.26,0.6996,Yes,10.1021/je060146z,Type V
Capric Acid,CCCCCCCCCC(=O)O,304.8,Myristic Acid,CCCCCCCCCCCCCC(=O)O,327,10.1016/j.gee.2020.11.020,296.77999999999997,0.79920000000000002,Yes,10.1021/je060146z,Type V
Capric Acid,CCCCCCCCCC(=O)O,304.8,Myristic Acid,CCCCCCCCCCCCCC(=O)O,327,10.1016/j.gee.2020.11.020,298.2,0.84750000000000003,Yes,10.1021/je060146z,Type V
Capric Acid,CCCCCCCCCC(=O)O,304.8,Myristic Acid,CCCCCCCCCCCCCC(=O)O,327,10.1016/j.gee.2020.11.020,301.10000000000002,0.90129999999999999,Yes,10.1021/je060146z,Type V
Capric Acid,CCCCCCCCCC(=O)O,304.8,Myristic Acid,CCCCCCCCCCCCCC(=O)O,327,10.1016/j.gee.2020.11.020,302.31,0.95030000000000003,Yes,10.1021/je060146z,Type V
Capric Acid,CCCCCCCCCC(=O)O,304.8,Palmitic Acid,CCCCCCCCCCCCCCCC(=O)O,336.8,10.1016/j.gee.2020.11.020,332.87,0.1207,Yes,10.1021/je060146z,Type V
Capric Acid,CCCCCCCCCC(=O)O,304.8,Palmitic Acid,CCCCCCCCCCCCCCCC(=O)O,336.8,10.1016/j.gee.2020.11.020,331.23,0.1981,Yes,10.1021/je060146z,Type V
Capric Acid,CCCCCCCCCC(=O)O,304.8,Palmitic Acid,CCCCCCCCCCCCCCCC(=O)O,336.8,10.1016/j.gee.2020.11.020,328.87,0.29930000000000001,Yes,10.1021/je060146z,Type V
Capric Acid,CCCCCCCCCC(=O)O,304.8,Palmitic Acid,CCCCCCCCCCCCCCCC(=O)O,336.8,10.1016/j.gee.2020.11.020,326.06,0.39910000000000001,Yes,10.1021/je060146z,Type V
Capric Acid,CCCCCCCCCC(=O)O,304.8,Palmitic Acid,CCCCCCCCCCCCCCCC(=O)O,336.8,10.1016/j.gee.2020.11.020,322.75,0.50319999999999998,Yes,10.1021/je060146z,Type V
Capric Acid,CCCCCCCCCC(=O)O,304.8,Palmitic Acid,CCCCCCCCCCCCCCCC(=O)O,336.8,10.1016/j.gee.2020.11.020,320.07,0.5998,Yes,10.1021/je060146z,Type V
Capric Acid,CCCCCCCCCC(=O)O,304.8,Palmitic Acid,CCCCCCCCCCCCCCCC(=O)O,336.8,10.1016/j.gee.2020.11.020,313.38,0.70430000000000004,Yes,10.1021/je060146z,Type V
Capric Acid,CCCCCCCCCC(=O)O,304.8,Palmitic Acid,CCCCCCCCCCCCCCCC(=O)O,336.8,10.1016/j.gee.2020.11.020,310.14999999999998,0.74960000000000004,Yes,10.1021/je060146z,Type V
Capric Acid,CCCCCCCCCC(=O)O,304.8,Palmitic Acid,CCCCCCCCCCCCCCCC(=O)O,336.8,10.1016/j.gee.2020.11.020,304.68,0.79369999999999996,Yes,10.1021/je060146z,Type V
Capric Acid,CCCCCCCCCC(=O)O,304.8,Palmitic Acid,CCCCCCCCCCCCCCCC(=O)O,336.8,10.1016/j.gee.2020.11.020,299.27999999999997,0.84840000000000004,Yes,10.1021/je060146z,Type V
Capric Acid,CCCCCCCCCC(=O)O,304.8,Palmitic Acid,CCCCCCCCCCCCCCCC(=O)O,336.8,10.1016/j.gee.2020.11.020,300.2,0.90090000000000003,Yes,10.1021/je060146z,Type V
Capric Acid,CCCCCCCCCC(=O)O,304.8,Palmitic Acid,CCCCCCCCCCCCCCCC(=O)O,336.8,10.1016/j.gee.2020.11.020,303.08,0.95020000000000004,Yes,10.1021/je060146z,Type V
Capric Acid,CCCCCCCCCC(=O)O,304.8,Stearic Acid,CCCCCCCCCCCCCCCCCC(=O)O,343.67,10.1021/acs.jpcb.0c02386,340.66,0.1013,Yes,10.1021/je060146z,Type V
Capric Acid,CCCCCCCCCC(=O)O,304.8,Stearic Acid,CCCCCCCCCCCCCCCCCC(=O)O,343.67,10.1021/acs.jpcb.0c02386,338.62,0.19889999999999999,Yes,10.1021/je060146z,Type V
Capric Acid,CCCCCCCCCC(=O)O,304.8,Stearic Acid,CCCCCCCCCCCCCCCCCC(=O)O,343.67,10.1021/acs.jpcb.0c02386,336.62,0.29670000000000002,Yes,10.1021/je060146z,Type V
Capric Acid,CCCCCCCCCC(=O)O,304.8,Stearic Acid,CCCCCCCCCCCCCCCCCC(=O)O,343.67,10.1021/acs.jpcb.0c02386,334.28,0.39500000000000002,Yes,10.1021/je060146z,Type V
Capric Acid,CCCCCCCCCC(=O)O,304.8,Stearic Acid,CCCCCCCCCCCCCCCCCC(=O)O,343.67,10.1021/acs.jpcb.0c02386,330.81,0.50319999999999998,Yes,10.1021/je060146z,Type V
Capric Acid,CCCCCCCCCC(=O)O,304.8,Stearic Acid,CCCCCCCCCCCCCCCCCC(=O)O,343.67,10.1021/acs.jpcb.0c02386,327.79,0.59719999999999995,Yes,10.1021/je060146z,Type V
Capric Acid,CCCCCCCCCC(=O)O,304.8,Stearic Acid,CCCCCCCCCCCCCCCCCC(=O)O,343.67,10.1021/acs.jpcb.0c02386,324.43,0.70440000000000003,Yes,10.1021/je060146z,Type V
Capric Acid,CCCCCCCCCC(=O)O,304.8,Stearic Acid,CCCCCCCCCCCCCCCCCC(=O)O,343.67,10.1021/acs.jpcb.0c02386,317.93,0.80120000000000002,Yes,10.1021/je060146z,Type V
Capric Acid,CCCCCCCCCC(=O)O,304.8,Stearic Acid,CCCCCCCCCCCCCCCCCC(=O)O,343.67,10.1021/acs.jpcb.0c02386,305.77999999999997,0.9002,Yes,10.1021/je060146z,Type V
Capric Acid,CCCCCCCCCC(=O)O,304.8,Stearic Acid,CCCCCCCCCCCCCCCCCC(=O)O,343.67,10.1021/acs.jpcb.0c02386,301.72000000000003,0.95,Yes,10.1021/je060146z,Type V
Capric Acid,CCCCCCCCCC(=O)O,304.8,Thymol,Cc1ccc(C(C)C)c(O)c1,323.5,10.1016/j.gee.2020.11.020,318.01,0.1,Yes,10.1021/acssuschemeng.8b01203,Type V
Capric Acid,CCCCCCCCCC(=O)O,304.8,Thymol,Cc1ccc(C(C)C)c(O)c1,323.5,10.1016/j.gee.2020.11.020,314.51,0.2,Yes,10.1021/acssuschemeng.8b01203,Type V
Capric Acid,CCCCCCCCCC(=O)O,304.8,Thymol,Cc1ccc(C(C)C)c(O)c1,323.5,10.1016/j.gee.2020.11.020,306.47000000000003,0.3,Yes,10.1021/acssuschemeng.8b01203,Type V
Capric Acid,CCCCCCCCCC(=O)O,304.8,Thymol,Cc1ccc(C(C)C)c(O)c1,323.5,10.1016/j.gee.2020.11.020,301.49,0.4,Yes,10.1021/acssuschemeng.8b01203,Type V
Capric Acid,CCCCCCCCCC(=O)O,304.8,Thymol,Cc1ccc(C(C)C)c(O)c1,323.5,10.1016/j.gee.2020.11.020,294.95,0.45,Yes,10.1021/acssuschemeng.8b01203,Type V
Capric Acid,CCCCCCCCCC(=O)O,304.8,Thymol,Cc1ccc(C(C)C)c(O)c1,323.5,10.1016/j.gee.2020.11.020,287.83999999999997,0.51,Yes,10.1021/acssuschemeng.8b01203,Type V
Capric Acid,CCCCCCCCCC(=O)O,304.8,Thymol,Cc1ccc(C(C)C)c(O)c1,323.5,10.1016/j.gee.2020.11.020,289.87,0.55000000000000004,Yes,10.1021/acssuschemeng.8b01203,Type V
Capric Acid,CCCCCCCCCC(=O)O,304.8,Thymol,Cc1ccc(C(C)C)c(O)c1,323.5,10.1016/j.gee.2020.11.020,292.35000000000002,0.64,Yes,10.1021/acssuschemeng.8b01203,Type V
Capric Acid,CCCCCCCCCC(=O)O,304.8,Thymol,Cc1ccc(C(C)C)c(O)c1,323.5,10.1016/j.gee.2020.11.020,293.36,0.7,Yes,10.1021/acssuschemeng.8b01203,Type V
Capric Acid,CCCCCCCCCC(=O)O,304.8,Thymol,Cc1ccc(C(C)C)c(O)c1,323.5,10.1016/j.gee.2020.11.020,301.25,0.9,Yes,10.1021/acssuschemeng.8b01203,Type V
Caprylic Acid,CCCCCCCC(=O)O,288.2,Capric Acid,CCCCCCCCCC(=O)O,304.8,10.1016/j.gee.2020.11.020,301.89,0.1,Yes,10.1016/j.chemphyslip.2009.05.004,Type V
Caprylic Acid,CCCCCCCC(=O)O,288.2,Capric Acid,CCCCCCCCCC(=O)O,304.8,10.1016/j.gee.2020.11.020,298.54000000000002,0.19989999999999999,Yes,10.1016/j.chemphyslip.2009.05.004,Type V
Caprylic Acid,CCCCCCCC(=O)O,288.2,Capric Acid,CCCCCCCCCC(=O)O,304.8,10.1016/j.gee.2020.11.020,294.98,0.3,Yes,10.1016/j.chemphyslip.2009.05.004,Type V
Caprylic Acid,CCCCCCCC(=O)O,288.2,Capric Acid,CCCCCCCCCC(=O)O,304.8,10.1016/j.gee.2020.11.020,291.20999999999998,0.40010000000000001,Yes,10.1016/j.chemphyslip.2009.05.004,Type V
Caprylic Acid,CCCCCCCC(=O)O,288.2,Capric Acid,CCCCCCCCCC(=O)O,304.8,10.1016/j.gee.2020.11.020,286.83999999999997,0.5,Yes,10.1016/j.chemphyslip.2009.05.004,Type V
Caprylic Acid,CCCCCCCC(=O)O,288.2,Capric Acid,CCCCCCCCCC(=O)O,304.8,10.1016/j.gee.2020.11.020,280.63,0.59940000000000004,Yes,10.1016/j.chemphyslip.2009.05.004,Type V
Caprylic Acid,CCCCCCCC(=O)O,288.2,Capric Acid,CCCCCCCCCC(=O)O,304.8,10.1016/j.gee.2020.11.020,278.36,0.69969999999999999,Yes,10.1016/j.chemphyslip.2009.05.004,Type V
Caprylic Acid,CCCCCCCC(=O)O,288.2,Capric Acid,CCCCCCCCCC(=O)O,304.8,10.1016/j.gee.2020.11.020,281.91000000000003,0.79979999999999996,Yes,10.1016/j.chemphyslip.2009.05.004,Type V
Caprylic Acid,CCCCCCCC(=O)O,288.2,Capric Acid,CCCCCCCCCC(=O)O,304.8,10.1016/j.gee.2020.11.020,285.95999999999998,0.89980000000000004,Yes,10.1016/j.chemphyslip.2009.05.004,Type V
Caprylic Acid,CCCCCCCC(=O)O,288.2,Menthol,CC(C)[C@@H]1CC[C@@H](C)C[C@H]1O,314.6,10.1016/j.gee.2020.11.020,308,0.1,Yes,10.3390/molecules25051077,Type V
Caprylic Acid,CCCCCCCC(=O)O,288.2,Menthol,CC(C)[C@@H]1CC[C@@H](C)C[C@H]1O,314.60000000000002,10.1016/j.gee.2020.11.020,299,0.2,Yes,10.3390/molecules25051077,Type V
Caprylic Acid,CCCCCCCC(=O)O,288.2,Menthol,CC(C)[C@@H]1CC[C@@H](C)C[C@H]1O,314.60000000000002,10.1016/j.gee.2020.11.020,287,0.3,Yes,10.3390/molecules25051077,Type V
Caprylic Acid,CCCCCCCC(=O)O,288.2,Menthol,CC(C)[C@@H]1CC[C@@H](C)C[C@H]1O,314.60000000000002,10.1016/j.gee.2020.11.020,276,0.4,Yes,10.3390/molecules25051077,Type V
Caprylic Acid,CCCCCCCC(=O)O,288.2,Menthol,CC(C)[C@@H]1CC[C@@H](C)C[C@H]1O,314.60000000000002,10.1016/j.gee.2020.11.020,267,0.5,Yes,10.3390/molecules25051077,Type V
Caprylic Acid,CCCCCCCC(=O)O,288.2,Menthol,CC(C)[C@@H]1CC[C@@H](C)C[C@H]1O,314.60000000000002,10.1016/j.gee.2020.11.020,274,0.6,Yes,10.3390/molecules25051077,Type V
Caprylic Acid,CCCCCCCC(=O)O,288.2,Menthol,CC(C)[C@@H]1CC[C@@H](C)C[C@H]1O,314.60000000000002,10.1016/j.gee.2020.11.020,279,0.7,Yes,10.3390/molecules25051077,Type V
Caprylic Acid,CCCCCCCC(=O)O,288.2,Menthol,CC(C)[C@@H]1CC[C@@H](C)C[C@H]1O,314.60000000000002,10.1016/j.gee.2020.11.020,284,0.8,Yes,10.3390/molecules25051077,Type V
Caprylic Acid,CCCCCCCC(=O)O,288.2,Menthol,CC(C)[C@@H]1CC[C@@H](C)C[C@H]1O,314.60000000000002,10.1016/j.gee.2020.11.020,286,0.9,Yes,10.3390/molecules25051077,Type V
Caprylic Acid,CCCCCCCC(=O)O,288.2,Thymol,Cc1ccc(C(C)C)c(O)c1,323.5,10.1016/j.gee.2020.11.020,318.49,0.09,Yes,10.1021/acssuschemeng.8b01203,Type V
Caprylic Acid,CCCCCCCC(=O)O,288.2,Thymol,Cc1ccc(C(C)C)c(O)c1,323.5,10.1016/j.gee.2020.11.020,312.05,0.2,Yes,10.1021/acssuschemeng.8b01203,Type V
Caprylic Acid,CCCCCCCC(=O)O,288.2,Thymol,Cc1ccc(C(C)C)c(O)c1,323.5,10.1016/j.gee.2020.11.020,302.51,0.3,Yes,10.1021/acssuschemeng.8b01203,Type V
Caprylic Acid,CCCCCCCC(=O)O,288.2,Thymol,Cc1ccc(C(C)C)c(O)c1,323.5,10.1016/j.gee.2020.11.020,296.95,0.4,Yes,10.1021/acssuschemeng.8b01203,Type V
Caprylic Acid,CCCCCCCC(=O)O,288.2,Thymol,Cc1ccc(C(C)C)c(O)c1,323.5,10.1016/j.gee.2020.11.020,284.16000000000003,0.5,Yes,10.1021/acssuschemeng.8b01203,Type V
Caprylic Acid,CCCCCCCC(=O)O,288.2,Thymol,Cc1ccc(C(C)C)c(O)c1,323.5,10.1016/j.gee.2020.11.020,274.98,0.59,Yes,10.1021/acssuschemeng.8b01203,Type V
Caprylic Acid,CCCCCCCC(=O)O,288.2,Thymol,Cc1ccc(C(C)C)c(O)c1,323.5,10.1016/j.gee.2020.11.020,275.45,0.7,Yes,10.1021/acssuschemeng.8b01203,Type V
Caprylic Acid,CCCCCCCC(=O)O,288.2,Thymol,Cc1ccc(C(C)C)c(O)c1,323.5,10.1016/j.gee.2020.11.020,280.16000000000003,0.8,Yes,10.1021/acssuschemeng.8b01203,Type V
Caprylic Acid,CCCCCCCC(=O)O,288.2,Thymol,Cc1ccc(C(C)C)c(O)c1,323.5,10.1016/j.gee.2020.11.020,285.13,0.9,Yes,10.1021/acssuschemeng.8b01203,Type V
Cyclohexylpropionic Acid,O=C(O)CCC1CCCCC1,291.3,Menthol,CC(C)[C@@H]1CC[C@@H](C)C[C@H]1O,314.6,10.1016/j.gee.2020.11.020,308.182,0.1,Yes,10.3390/molecules25051077,Type V
Cyclohexylpropionic Acid,O=C(O)CCC1CCCCC1,291.3,Menthol,CC(C)[C@@H]1CC[C@@H](C)C[C@H]1O,314.60000000000002,10.1016/j.gee.2020.11.020,298.89999999999998,0.2,Yes,10.3390/molecules25051077,Type V
Cyclohexylpropionic Acid,O=C(O)CCC1CCCCC1,291.3,Menthol,CC(C)[C@@H]1CC[C@@H](C)C[C@H]1O,314.60000000000002,10.1016/j.gee.2020.11.020,289.19,0.3,Yes,10.3390/molecules25051077,Type V
Cyclohexylpropionic Acid,O=C(O)CCC1CCCCC1,291.3,Menthol,CC(C)[C@@H]1CC[C@@H](C)C[C@H]1O,314.60000000000002,10.1016/j.gee.2020.11.020,275.45499999999998,0.4,Yes,10.3390/molecules25051077,Type V
Cyclohexylpropionic Acid,O=C(O)CCC1CCCCC1,291.3,Menthol,CC(C)[C@@H]1CC[C@@H](C)C[C@H]1O,314.60000000000002,10.1016/j.gee.2020.11.020,262.12,0.5,Yes,10.3390/molecules25051077,Type V
Cyclohexylpropionic Acid,O=C(O)CCC1CCCCC1,291.3,Menthol,CC(C)[C@@H]1CC[C@@H](C)C[C@H]1O,314.60000000000002,10.1016/j.gee.2020.11.020,273.43400000000003,0.7,Yes,10.3390/molecules25051077,Type V
Cyclohexylpropionic Acid,O=C(O)CCC1CCCCC1,291.3,Menthol,CC(C)[C@@H]1CC[C@@H](C)C[C@H]1O,314.60000000000002,10.1016/j.gee.2020.11.020,278.68700000000001,0.8,Yes,10.3390/molecules25051077,Type V
Cyclohexylpropionic Acid,O=C(O)CCC1CCCCC1,291.3,Menthol,CC(C)[C@@H]1CC[C@@H](C)C[C@H]1O,314.60000000000002,10.1016/j.gee.2020.11.020,283.53500000000003,0.9,Yes,10.3390/molecules25051077,Type V
Lauric Acid,CCCCCCCCCCCC(=O)O,316.95,Ibuprofen,CC(C)Cc1ccc(C(C)C(=O)O)cc1,350.4,10.1016/j.gee.2020.11.020,338.64,0.1006,Yes,10.1007/s10973-012-2831-3,Type V
Lauric Acid,CCCCCCCCCCCC(=O)O,316.95,Ibuprofen,CC(C)Cc1ccc(C(C)C(=O)O)cc1,350.4,10.1016/j.gee.2020.11.020,331.8,0.19919999999999999,Yes,10.1007/s10973-012-2831-3,Type V
Lauric Acid,CCCCCCCCCCCC(=O)O,316.95,Ibuprofen,CC(C)Cc1ccc(C(C)C(=O)O)cc1,350.4,10.1016/j.gee.2020.11.020,325.02999999999997,0.2923,Yes,10.1007/s10973-012-2831-3,Type V
Lauric Acid,CCCCCCCCCCCC(=O)O,316.95,Ibuprofen,CC(C)Cc1ccc(C(C)C(=O)O)cc1,350.4,10.1016/j.gee.2020.11.020,316.64999999999998,0.3977,Yes,10.1007/s10973-012-2831-3,Type V
Lauric Acid,CCCCCCCCCCCC(=O)O,316.95,Ibuprofen,CC(C)Cc1ccc(C(C)C(=O)O)cc1,350.4,10.1016/j.gee.2020.11.020,312.77999999999997,0.49590000000000001,Yes,10.1007/s10973-012-2831-3,Type V
Lauric Acid,CCCCCCCCCCCC(=O)O,316.95,Ibuprofen,CC(C)Cc1ccc(C(C)C(=O)O)cc1,350.4,10.1016/j.gee.2020.11.020,308.39,0.7,Yes,10.1007/s10973-012-2831-3,Type V
Lauric Acid,CCCCCCCCCCCC(=O)O,316.95,Ibuprofen,CC(C)Cc1ccc(C(C)C(=O)O)cc1,350.4,10.1016/j.gee.2020.11.020,312.45999999999998,0.89319999999999999,Yes,10.1007/s10973-012-2831-3,Type V
Lauric Acid,CCCCCCCCCCCC(=O)O,317.5,Myristic Acid,CCCCCCCCCCCCCC(=O)O,327,10.1016/j.gee.2020.11.020,325.72,0.1004,Yes,10.1021/je060146z,Type V
Lauric Acid,CCCCCCCCCCCC(=O)O,317.5,Myristic Acid,CCCCCCCCCCCCCC(=O)O,327,10.1016/j.gee.2020.11.020,323.24,0.19969999999999999,Yes,10.1021/je060146z,Type V
Lauric Acid,CCCCCCCCCCCC(=O)O,317.5,Myristic Acid,CCCCCCCCCCCCCC(=O)O,327,10.1016/j.gee.2020.11.020,319.37,0.30020000000000002,Yes,10.1021/je060146z,Type V
Lauric Acid,CCCCCCCCCCCC(=O)O,317.5,Myristic Acid,CCCCCCCCCCCCCC(=O)O,327,10.1016/j.gee.2020.11.020,316.37,0.40010000000000001,Yes,10.1021/je060146z,Type V
Lauric Acid,CCCCCCCCCCCC(=O)O,317.5,Myristic Acid,CCCCCCCCCCCCCC(=O)O,327,10.1016/j.gee.2020.11.020,310.95999999999998,0.50019999999999998,Yes,10.1021/je060146z,Type V
Lauric Acid,CCCCCCCCCCCC(=O)O,317.5,Myristic Acid,CCCCCCCCCCCCCC(=O)O,327,10.1016/j.gee.2020.11.020,310.42,0.60019999999999996,Yes,10.1021/je060146z,Type V
Lauric Acid,CCCCCCCCCCCC(=O)O,317.5,Myristic Acid,CCCCCCCCCCCCCC(=O)O,327,10.1016/j.gee.2020.11.020,309.68,0.65,Yes,10.1021/je060146z,Type V
Lauric Acid,CCCCCCCCCCCC(=O)O,317.5,Myristic Acid,CCCCCCCCCCCCCC(=O)O,327,10.1016/j.gee.2020.11.020,308.85000000000002,0.70009999999999994,Yes,10.1021/je060146z,Type V
Lauric Acid,CCCCCCCCCCCC(=O)O,317.5,Myristic Acid,CCCCCCCCCCCCCC(=O)O,327,10.1016/j.gee.2020.11.020,310.61,0.79959999999999998,Yes,10.1021/je060146z,Type V
Lauric Acid,CCCCCCCCCCCC(=O)O,317.5,Myristic Acid,CCCCCCCCCCCCCC(=O)O,327,10.1016/j.gee.2020.11.020,315.02999999999997,0.89959999999999996,Yes,10.1021/je060146z,Type V
Lauric Acid,CCCCCCCCCCCC(=O)O,317.5,Palmitic Acid,CCCCCCCCCCCCCCCC(=O)O,336.8,10.1016/j.gee.2020.11.020,333.95,0.1001,Yes,10.1021/je060146z,Type V
Lauric Acid,CCCCCCCCCCCC(=O)O,317.5,Palmitic Acid,CCCCCCCCCCCCCCCC(=O)O,336.8,10.1016/j.gee.2020.11.020,331.76,0.2,Yes,10.1021/je060146z,Type V
Lauric Acid,CCCCCCCCCCCC(=O)O,317.5,Palmitic Acid,CCCCCCCCCCCCCCCC(=O)O,336.8,10.1016/j.gee.2020.11.020,329.19,0.3,Yes,10.1021/je060146z,Type V
Lauric Acid,CCCCCCCCCCCC(=O)O,317.5,Palmitic Acid,CCCCCCCCCCCCCCCC(=O)O,336.8,10.1016/j.gee.2020.11.020,326.06,0.4,Yes,10.1021/je060146z,Type V
Lauric Acid,CCCCCCCCCCCC(=O)O,317.5,Palmitic Acid,CCCCCCCCCCCCCCCC(=O)O,336.8,10.1016/j.gee.2020.11.020,321.88,0.5,Yes,10.1021/je060146z,Type V
Lauric Acid,CCCCCCCCCCCC(=O)O,317.5,Palmitic Acid,CCCCCCCCCCCCCCCC(=O)O,336.8,10.1016/j.gee.2020.11.020,314.39,0.59989999999999999,Yes,10.1021/je060146z,Type V
Lauric Acid,CCCCCCCCCCCC(=O)O,317.5,Palmitic Acid,CCCCCCCCCCCCCCCC(=O)O,336.8,10.1016/j.gee.2020.11.020,313.89,0.69979999999999998,Yes,10.1021/je060146z,Type V
Lauric Acid,CCCCCCCCCCCC(=O)O,317.5,Palmitic Acid,CCCCCCCCCCCCCCCC(=O)O,336.8,10.1016/j.gee.2020.11.020,310.44,0.79979999999999996,Yes,10.1021/je060146z,Type V
Lauric Acid,CCCCCCCCCCCC(=O)O,317.5,Palmitic Acid,CCCCCCCCCCCCCCCC(=O)O,336.8,10.1016/j.gee.2020.11.020,310.64,0.84809999999999997,Yes,10.1021/je060146z,Type V
Lauric Acid,CCCCCCCCCCCC(=O)O,317.5,Palmitic Acid,CCCCCCCCCCCCCCCC(=O)O,336.8,10.1016/j.gee.2020.11.020,313.5,0.89680000000000004,Yes,10.1021/je060146z,Type V
Lauric Acid,CCCCCCCCCCCC(=O)O,317.5,Stearic Acid,CCCCCCCCCCCCCCCCCC(=O)O,343.67,10.1021/acs.jpcb.0c02386,341.47,0.1003,Yes,10.1021/je060146z,Type V
Lauric Acid,CCCCCCCCCCCC(=O)O,317.5,Stearic Acid,CCCCCCCCCCCCCCCCCC(=O)O,343.67,10.1021/acs.jpcb.0c02386,339.38,0.19939999999999999,Yes,10.1021/je060146z,Type V
Lauric Acid,CCCCCCCCCCCC(=O)O,317.5,Stearic Acid,CCCCCCCCCCCCCCCCCC(=O)O,343.67,10.1021/acs.jpcb.0c02386,337.16,0.2999,Yes,10.1021/je060146z,Type V
Lauric Acid,CCCCCCCCCCCC(=O)O,317.5,Stearic Acid,CCCCCCCCCCCCCCCCCC(=O)O,343.67,10.1021/acs.jpcb.0c02386,334.86,0.40050000000000002,Yes,10.1021/je060146z,Type V
Lauric Acid,CCCCCCCCCCCC(=O)O,317.5,Stearic Acid,CCCCCCCCCCCCCCCCCC(=O)O,343.67,10.1021/acs.jpcb.0c02386,331.93,0.49990000000000001,Yes,10.1021/je060146z,Type V
Lauric Acid,CCCCCCCCCCCC(=O)O,317.5,Stearic Acid,CCCCCCCCCCCCCCCCCC(=O)O,343.67,10.1021/acs.jpcb.0c02386,328.53,0.60070000000000001,Yes,10.1021/je060146z,Type V
Lauric Acid,CCCCCCCCCCCC(=O)O,317.5,Stearic Acid,CCCCCCCCCCCCCCCCCC(=O)O,343.67,10.1021/acs.jpcb.0c02386,322.13,0.70020000000000004,Yes,10.1021/je060146z,Type V
Lauric Acid,CCCCCCCCCCCC(=O)O,317.5,Stearic Acid,CCCCCCCCCCCCCCCCCC(=O)O,343.67,10.1021/acs.jpcb.0c02386,316.17,0.79990000000000006,Yes,10.1021/je060146z,Type V
Lauric Acid,CCCCCCCCCCCC(=O)O,317.5,Stearic Acid,CCCCCCCCCCCCCCCCCC(=O)O,343.67,10.1021/acs.jpcb.0c02386,312.31,0.84850000000000003,Yes,10.1021/je060146z,Type V
Lauric Acid,CCCCCCCCCCCC(=O)O,317.5,Stearic Acid,CCCCCCCCCCCCCCCCCC(=O)O,343.67,10.1021/acs.jpcb.0c02386,313.04000000000002,0.89990000000000003,Yes,10.1021/je060146z,Type V
Lauric Acid,CCCCCCCCCCCC(=O)O,317.5,Stearic Acid,CCCCCCCCCCCCCCCCCC(=O)O,343.67,10.1021/acs.jpcb.0c02386,316.23,0.94989999999999997,Yes,10.1021/je060146z,Type V
Lauric Acid,CCCCCCCCCCCC(=O)O,317.5,Thymol,Cc1ccc(C(C)C)c(O)c1,323.5,10.1016/j.gee.2020.11.020,318.22,0.1,Yes,10.1021/acssuschemeng.8b01203,Type V
Lauric Acid,CCCCCCCCCCCC(=O)O,317.5,Thymol,Cc1ccc(C(C)C)c(O)c1,323.5,10.1016/j.gee.2020.11.020,311.60000000000002,0.21,Yes,10.1021/acssuschemeng.8b01203,Type V
Lauric Acid,CCCCCCCCCCCC(=O)O,317.5,Thymol,Cc1ccc(C(C)C)c(O)c1,323.5,10.1016/j.gee.2020.11.020,306.95999999999998,0.3,Yes,10.1021/acssuschemeng.8b01203,Type V
Lauric Acid,CCCCCCCCCCCC(=O)O,317.5,Thymol,Cc1ccc(C(C)C)c(O)c1,323.5,10.1016/j.gee.2020.11.020,303.22000000000003,0.4,Yes,10.1021/acssuschemeng.8b01203,Type V
Lauric Acid,CCCCCCCCCCCC(=O)O,317.5,Thymol,Cc1ccc(C(C)C)c(O)c1,323.5,10.1016/j.gee.2020.11.020,301.54000000000002,0.45,Yes,10.1021/acssuschemeng.8b01203,Type V
Lauric Acid,CCCCCCCCCCCC(=O)O,317.5,Thymol,Cc1ccc(C(C)C)c(O)c1,323.5,10.1016/j.gee.2020.11.020,304.76,0.6,Yes,10.1021/acssuschemeng.8b01203,Type V
Lauric Acid,CCCCCCCCCCCC(=O)O,317.5,Thymol,Cc1ccc(C(C)C)c(O)c1,323.5,10.1016/j.gee.2020.11.020,309.36,0.7,Yes,10.1021/acssuschemeng.8b01203,Type V
Lauric Acid,CCCCCCCCCCCC(=O)O,317.5,Thymol,Cc1ccc(C(C)C)c(O)c1,323.5,10.1016/j.gee.2020.11.020,311.51,0.8,Yes,10.1021/acssuschemeng.8b01203,Type V
Lauric Acid,CCCCCCCCCCCC(=O)O,317.5,Thymol,Cc1ccc(C(C)C)c(O)c1,323.5,10.1016/j.gee.2020.11.020,314.17,0.9,Yes,10.1021/acssuschemeng.8b01203,Type V
Lidocaine,CCN(CC)CC(=O)Nc1c(C)cccc1C,341.15,DL-camphor,CC12CCC(CC1=O)C2(C)C,448.15,10.1016/j.molliq.2020.114745,437.8,0.023000,Yes,10.1016/j.tca.2012.03.027,Type V
Lidocaine,CCN(CC)CC(=O)Nc1c(C)cccc1C,341.15,DL-camphor,CC12CCC(CC1=O)C2(C)C,448.15,10.1016/j.molliq.2020.114745,428.5,5.3999999999999999E-2,Yes,10.1016/j.tca.2012.03.027,Type V
Lidocaine,CCN(CC)CC(=O)Nc1c(C)cccc1C,341.15,DL-camphor,CC12CCC(CC1=O)C2(C)C,448.15,10.1016/j.molliq.2020.114745,420.5,7.8E-2,Yes,10.1016/j.tca.2012.03.027,Type V
Lidocaine,CCN(CC)CC(=O)Nc1c(C)cccc1C,341.15,DL-camphor,CC12CCC(CC1=O)C2(C)C,448.15,10.1016/j.molliq.2020.114745,407.3,0.12,Yes,10.1016/j.tca.2012.03.027,Type V
Lidocaine,CCN(CC)CC(=O)Nc1c(C)cccc1C,341.15,DL-camphor,CC12CCC(CC1=O)C2(C)C,448.15,10.1016/j.molliq.2020.114745,399.2,0.151,Yes,10.1016/j.tca.2012.03.027,Type V
Lidocaine,CCN(CC)CC(=O)Nc1c(C)cccc1C,341.15,DL-camphor,CC12CCC(CC1=O)C2(C)C,448.15,10.1016/j.molliq.2020.114745,387.2,0.18099999999999999,Yes,10.1016/j.tca.2012.03.027,Type V
Lidocaine,CCN(CC)CC(=O)Nc1c(C)cccc1C,341.15,DL-camphor,CC12CCC(CC1=O)C2(C)C,448.15,10.1016/j.molliq.2020.114745,374.8,0.20300000000000001,Yes,10.1016/j.tca.2012.03.027,Type V
Lidocaine,CCN(CC)CC(=O)Nc1c(C)cccc1C,341.15,DL-camphor,CC12CCC(CC1=O)C2(C)C,448.15,10.1016/j.molliq.2020.114745,370.5,0.22,Yes,10.1016/j.tca.2012.03.027,Type V
Lidocaine,CCN(CC)CC(=O)Nc1c(C)cccc1C,341.15,DL-camphor,CC12CCC(CC1=O)C2(C)C,448.15,10.1016/j.molliq.2020.114745,357.8,0.28199999999999997,Yes,10.1016/j.tca.2012.03.027,Type V
Lidocaine,CCN(CC)CC(=O)Nc1c(C)cccc1C,341.15,DL-camphor,CC12CCC(CC1=O)C2(C)C,448.15,10.1016/j.molliq.2020.114745,329.4,0.34899999999999998,Yes,10.1016/j.tca.2012.03.027,Type V
Lidocaine,CCN(CC)CC(=O)Nc1c(C)cccc1C,341.15,DL-camphor,CC12CCC(CC1=O)C2(C)C,448.15,10.1016/j.molliq.2020.114745,305.8,0.40500000000000003,Yes,10.1016/j.tca.2012.03.027,Type V
Lidocaine,CCN(CC)CC(=O)Nc1c(C)cccc1C,341.15,DL-camphor,CC12CCC(CC1=O)C2(C)C,448.15,10.1016/j.molliq.2020.114745,293.10000000000002,0.438,Yes,10.1016/j.tca.2012.03.027,Type V
Lidocaine,CCN(CC)CC(=O)Nc1c(C)cccc1C,341.15,DL-camphor,CC12CCC(CC1=O)C2(C)C,448.15,10.1016/j.molliq.2020.114745,290.60000000000002,0.46,Yes,10.1016/j.tca.2012.03.027,Type V
Lidocaine,CCN(CC)CC(=O)Nc1c(C)cccc1C,341.15,DL-camphor,CC12CCC(CC1=O)C2(C)C,448.15,10.1016/j.molliq.2020.114745,302.10000000000002,0.501,Yes,10.1016/j.tca.2012.03.027,Type V
Lidocaine,CCN(CC)CC(=O)Nc1c(C)cccc1C,341.15,DL-camphor,CC12CCC(CC1=O)C2(C)C,448.15,10.1016/j.molliq.2020.114745,308.5,0.58499999999999996,Yes,10.1016/j.tca.2012.03.027,Type V
Lidocaine,CCN(CC)CC(=O)Nc1c(C)cccc1C,341.15,DL-camphor,CC12CCC(CC1=O)C2(C)C,448.15,10.1016/j.molliq.2020.114745,315.39999999999998,0.65,Yes,10.1016/j.tca.2012.03.027,Type V
Lidocaine,CCN(CC)CC(=O)Nc1c(C)cccc1C,341.15,DL-camphor,CC12CCC(CC1=O)C2(C)C,448.15,10.1016/j.molliq.2020.114745,319.39999999999998,0.70499999999999996,Yes,10.1016/j.tca.2012.03.027,Type V
Lidocaine,CCN(CC)CC(=O)Nc1c(C)cccc1C,341.15,DL-camphor,CC12CCC(CC1=O)C2(C)C,448.15,10.1016/j.molliq.2020.114745,326.5,0.77800000000000002,Yes,10.1016/j.tca.2012.03.027,Type V
Lidocaine,CCN(CC)CC(=O)Nc1c(C)cccc1C,341.15,DL-camphor,CC12CCC(CC1=O)C2(C)C,448.15,10.1016/j.molliq.2020.114745,329.8,0.83799999999999997,Yes,10.1016/j.tca.2012.03.027,Type V
Lidocaine,CCN(CC)CC(=O)Nc1c(C)cccc1C,341.15,DL-camphor,CC12CCC(CC1=O)C2(C)C,448.15,10.1016/j.molliq.2020.114745,337.1,0.92300000000000004,Yes,10.1016/j.tca.2012.03.027,Type V
Lidocaine,CCN(CC)CC(=O)Nc1c(C)cccc1C,341.15,DL-camphor,CC12CCC(CC1=O)C2(C)C,448.15,10.1016/j.molliq.2020.114745,341.7,0.97899999999999998,Yes,10.1016/j.tca.2012.03.027,Type V
Menthol,CC(C)[C@@H]1CC[C@@H](C)C[C@H]1O,314.6,Hexadecan-1-ol,CCCCCCCCCCCCCCCCO,324.4,10.1016/j.gee.2020.11.020,321,0.104,Yes,10.1021/acs.jpcb.0c02386,Type V
Menthol,CC(C)[C@@H]1CC[C@@H](C)C[C@H]1O,314.60000000000002,Hexadecan-1-ol,CCCCCCCCCCCCCCCCO,324.39999999999998,10.1016/j.gee.2020.11.020,319.39999999999998,0.19900000000000001,Yes,10.1021/acs.jpcb.0c02386,Type V
Menthol,CC(C)[C@@H]1CC[C@@H](C)C[C@H]1O,314.60000000000002,Hexadecan-1-ol,CCCCCCCCCCCCCCCCO,324.39999999999998,10.1016/j.gee.2020.11.020,317.7,0.30099999999999999,Yes,10.1021/acs.jpcb.0c02386,Type V
Menthol,CC(C)[C@@H]1CC[C@@H](C)C[C@H]1O,314.60000000000002,Hexadecan-1-ol,CCCCCCCCCCCCCCCCO,324.39999999999998,10.1016/j.gee.2020.11.020,314.7,0.4,Yes,10.1021/acs.jpcb.0c02386,Type V
Menthol,CC(C)[C@@H]1CC[C@@H](C)C[C@H]1O,314.60000000000002,Hexadecan-1-ol,CCCCCCCCCCCCCCCCO,324.39999999999998,10.1016/j.gee.2020.11.020,312.5,0.5,Yes,10.1021/acs.jpcb.0c02386,Type V
Menthol,CC(C)[C@@H]1CC[C@@H](C)C[C@H]1O,314.60000000000002,Hexadecan-1-ol,CCCCCCCCCCCCCCCCO,324.39999999999998,10.1016/j.gee.2020.11.020,309.10000000000002,0.60199999999999998,Yes,10.1021/acs.jpcb.0c02386,Type V
Menthol,CC(C)[C@@H]1CC[C@@H](C)C[C@H]1O,314.60000000000002,Hexadecan-1-ol,CCCCCCCCCCCCCCCCO,324.39999999999998,10.1016/j.gee.2020.11.020,304.89999999999998,0.7,Yes,10.1021/acs.jpcb.0c02386,Type V
Menthol,CC(C)[C@@H]1CC[C@@H](C)C[C@H]1O,314.60000000000002,Hexadecan-1-ol,CCCCCCCCCCCCCCCCO,324.39999999999998,10.1016/j.gee.2020.11.020,301.2,0.80100000000000005,Yes,10.1021/acs.jpcb.0c02386,Type V
Menthol,CC(C)[C@@H]1CC[C@@H](C)C[C@H]1O,314.60000000000002,Hexadecan-1-ol,CCCCCCCCCCCCCCCCO,324.39999999999998,10.1016/j.gee.2020.11.020,309.89999999999998,0.9,Yes,10.1021/acs.jpcb.0c02386,Type V
Menthol,CC(C)[C@@H]1CC[C@@H](C)C[C@H]1O,314.6,Ibuprofen,CC(C)Cc1ccc(C(C)C(=O)O)cc1,350.4,10.1016/j.gee.2020.11.020,342.636,0.13,Yes,10.1016/S0168-3659(97)00153-3,Type V
Menthol,CC(C)[C@@H]1CC[C@@H](C)C[C@H]1O,314.60000000000002,Ibuprofen,CC(C)Cc1ccc(C(C)C(=O)O)cc1,350.4,10.1016/j.gee.2020.11.020,337.13,0.24,Yes,10.1016/S0168-3659(97)00153-3,Type V
Menthol,CC(C)[C@@H]1CC[C@@H](C)C[C@H]1O,314.60000000000002,Ibuprofen,CC(C)Cc1ccc(C(C)C(=O)O)cc1,350.4,10.1016/j.gee.2020.11.020,330.65199999999999,0.35,Yes,10.1016/S0168-3659(97)00153-3,Type V
Menthol,CC(C)[C@@H]1CC[C@@H](C)C[C@H]1O,314.60000000000002,Ibuprofen,CC(C)Cc1ccc(C(C)C(=O)O)cc1,350.4,10.1016/j.gee.2020.11.020,323.52600000000001,0.46,Yes,10.1016/S0168-3659(97)00153-3,Type V
Menthol,CC(C)[C@@H]1CC[C@@H](C)C[C@H]1O,314.60000000000002,Ibuprofen,CC(C)Cc1ccc(C(C)C(=O)O)cc1,350.4,10.1016/j.gee.2020.11.020,319.964,0.56000000000000005,Yes,10.1016/S0168-3659(97)00153-3,Type V
Menthol,CC(C)[C@@H]1CC[C@@H](C)C[C@H]1O,314.60000000000002,Ibuprofen,CC(C)Cc1ccc(C(C)C(=O)O)cc1,350.4,10.1016/j.gee.2020.11.020,304.74099999999999,0.67,Yes,10.1016/S0168-3659(97)00153-3,Type V
Menthol,CC(C)[C@@H]1CC[C@@H](C)C[C@H]1O,314.60000000000002,Ibuprofen,CC(C)Cc1ccc(C(C)C(=O)O)cc1,350.4,10.1016/j.gee.2020.11.020,300.20600000000002,0.7,Yes,10.1016/S0168-3659(97)00153-3,Type V
Menthol,CC(C)[C@@H]1CC[C@@H](C)C[C@H]1O,314.60000000000002,Ibuprofen,CC(C)Cc1ccc(C(C)C(=O)O)cc1,350.4,10.1016/j.gee.2020.11.020,291.13799999999998,0.75,Yes,10.1016/S0168-3659(97)00153-3,Type V
Menthol,CC(C)[C@@H]1CC[C@@H](C)C[C@H]1O,314.60000000000002,Ibuprofen,CC(C)Cc1ccc(C(C)C(=O)O)cc1,350.4,10.1016/j.gee.2020.11.020,294.7,0.8,Yes,10.1016/S0168-3659(97)00153-3,Type V
Menthol,CC(C)[C@@H]1CC[C@@H](C)C[C@H]1O,314.60000000000002,Ibuprofen,CC(C)Cc1ccc(C(C)C(=O)O)cc1,350.4,10.1016/j.gee.2020.11.020,301.50200000000001,0.84,Yes,10.1016/S0168-3659(97)00153-3,Type V
Menthol,CC(C)[C@@H]1CC[C@@H](C)C[C@H]1O,314.60000000000002,Ibuprofen,CC(C)Cc1ccc(C(C)C(=O)O)cc1,350.4,10.1016/j.gee.2020.11.020,307.33199999999999,0.92,Yes,10.1016/S0168-3659(97)00153-3,Type V
Menthol,CC(C)[C@@H]1CC[C@@H](C)C[C@H]1O,314.6,Lauric Acid,CCCCCCCCCCCC(=O)O,317.5,10.1016/j.gee.2020.11.020,316,0.1,Yes,10.3390/molecules25051077,Type V
Menthol,CC(C)[C@@H]1CC[C@@H](C)C[C@H]1O,314.60000000000002,Lauric Acid,CCCCCCCCCCCC(=O)O,317.5,10.1016/j.gee.2020.11.020,312,0.2,Yes,10.3390/molecules25051077,Type V
Menthol,CC(C)[C@@H]1CC[C@@H](C)C[C@H]1O,314.60000000000002,Lauric Acid,CCCCCCCCCCCC(=O)O,317.5,10.1016/j.gee.2020.11.020,310,0.3,Yes,10.3390/molecules25051077,Type V
Menthol,CC(C)[C@@H]1CC[C@@H](C)C[C@H]1O,314.60000000000002,Lauric Acid,CCCCCCCCCCCC(=O)O,317.5,10.1016/j.gee.2020.11.020,306,0.4,Yes,10.3390/molecules25051077,Type V
Menthol,CC(C)[C@@H]1CC[C@@H](C)C[C@H]1O,314.60000000000002,Lauric Acid,CCCCCCCCCCCC(=O)O,317.5,10.1016/j.gee.2020.11.020,302,0.5,Yes,10.3390/molecules25051077,Type V
Menthol,CC(C)[C@@H]1CC[C@@H](C)C[C@H]1O,314.60000000000002,Lauric Acid,CCCCCCCCCCCC(=O)O,317.5,10.1016/j.gee.2020.11.020,297,0.6,Yes,10.3390/molecules25051077,Type V
Menthol,CC(C)[C@@H]1CC[C@@H](C)C[C@H]1O,314.60000000000002,Lauric Acid,CCCCCCCCCCCC(=O)O,317.5,10.1016/j.gee.2020.11.020,289,0.7,Yes,10.3390/molecules25051077,Type V
Menthol,CC(C)[C@@H]1CC[C@@H](C)C[C@H]1O,314.60000000000002,Lauric Acid,CCCCCCCCCCCC(=O)O,317.5,10.1016/j.gee.2020.11.020,299,0.8,Yes,10.3390/molecules25051077,Type V
Menthol,CC(C)[C@@H]1CC[C@@H](C)C[C@H]1O,314.60000000000002,Lauric Acid,CCCCCCCCCCCC(=O)O,317.5,10.1016/j.gee.2020.11.020,307,0.9,Yes,10.3390/molecules25051077,Type V
Menthol,CC(C)[C@@H]1CC[C@@H](C)C[C@H]1O,314.6,Myristic Acid,CCCCCCCCCCCCCC(=O)O,327,10.1016/j.gee.2020.11.020,324.97,0.1,Yes,10.1021/acssuschemeng.8b01203,Type V
Menthol,CC(C)[C@@H]1CC[C@@H](C)C[C@H]1O,314.60000000000002,Myristic Acid,CCCCCCCCCCCCCC(=O)O,327,10.1016/j.gee.2020.11.020,322.83999999999997,0.2,Yes,10.1021/acssuschemeng.8b01203,Type V
Menthol,CC(C)[C@@H]1CC[C@@H](C)C[C@H]1O,314.60000000000002,Myristic Acid,CCCCCCCCCCCCCC(=O)O,327,10.1016/j.gee.2020.11.020,319.74,0.3,Yes,10.1021/acssuschemeng.8b01203,Type V
Menthol,CC(C)[C@@H]1CC[C@@H](C)C[C@H]1O,314.60000000000002,Myristic Acid,CCCCCCCCCCCCCC(=O)O,327,10.1016/j.gee.2020.11.020,317.10000000000002,0.4,Yes,10.1021/acssuschemeng.8b01203,Type V
Menthol,CC(C)[C@@H]1CC[C@@H](C)C[C@H]1O,314.60000000000002,Myristic Acid,CCCCCCCCCCCCCC(=O)O,327,10.1016/j.gee.2020.11.020,314.17,0.5,Yes,10.1021/acssuschemeng.8b01203,Type V
Menthol,CC(C)[C@@H]1CC[C@@H](C)C[C@H]1O,314.60000000000002,Myristic Acid,CCCCCCCCCCCCCC(=O)O,327,10.1016/j.gee.2020.11.020,310.93,0.6,Yes,10.1021/acssuschemeng.8b01203,Type V
Menthol,CC(C)[C@@H]1CC[C@@H](C)C[C@H]1O,314.60000000000002,Myristic Acid,CCCCCCCCCCCCCC(=O)O,327,10.1016/j.gee.2020.11.020,303.76,0.7,Yes,10.1021/acssuschemeng.8b01203,Type V
Menthol,CC(C)[C@@H]1CC[C@@H](C)C[C@H]1O,314.60000000000002,Myristic Acid,CCCCCCCCCCCCCC(=O)O,327,10.1016/j.gee.2020.11.020,296.17,0.8,Yes,10.1021/acssuschemeng.8b01203,Type V
Menthol,CC(C)[C@@H]1CC[C@@H](C)C[C@H]1O,314.60000000000002,Myristic Acid,CCCCCCCCCCCCCC(=O)O,327,10.1016/j.gee.2020.11.020,306.35000000000002,0.9,Yes,10.1021/acssuschemeng.8b01203,Type V
Menthol,CC(C)[C@@H]1CC[C@@H](C)C[C@H]1O,314.6,Octadecan-1-ol,CCCCCCCCCCCCCCCCCCO,332.9,10.1016/j.gee.2020.11.020,330.1,0.1,Yes,10.1021/acs.jpcb.0c02386,Type V
Menthol,CC(C)[C@@H]1CC[C@@H](C)C[C@H]1O,314.60000000000002,Octadecan-1-ol,CCCCCCCCCCCCCCCCCCO,332.9,10.1016/j.gee.2020.11.020,328.9,0.2,Yes,10.1021/acs.jpcb.0c02386,Type V
Menthol,CC(C)[C@@H]1CC[C@@H](C)C[C@H]1O,314.60000000000002,Octadecan-1-ol,CCCCCCCCCCCCCCCCCCO,332.9,10.1016/j.gee.2020.11.020,327.3,0.3,Yes,10.1021/acs.jpcb.0c02386,Type V
Menthol,CC(C)[C@@H]1CC[C@@H](C)C[C@H]1O,314.60000000000002,Octadecan-1-ol,CCCCCCCCCCCCCCCCCCO,332.9,10.1016/j.gee.2020.11.020,325.10000000000002,0.4,Yes,10.1021/acs.jpcb.0c02386,Type V
Menthol,CC(C)[C@@H]1CC[C@@H](C)C[C@H]1O,314.60000000000002,Octadecan-1-ol,CCCCCCCCCCCCCCCCCCO,332.9,10.1016/j.gee.2020.11.020,322.3,0.5,Yes,10.1021/acs.jpcb.0c02386,Type V
Menthol,CC(C)[C@@H]1CC[C@@H](C)C[C@H]1O,314.60000000000002,Octadecan-1-ol,CCCCCCCCCCCCCCCCCCO,332.9,10.1016/j.gee.2020.11.020,318.89999999999998,0.59899999999999998,Yes,10.1021/acs.jpcb.0c02386,Type V
Menthol,CC(C)[C@@H]1CC[C@@H](C)C[C@H]1O,314.60000000000002,Octadecan-1-ol,CCCCCCCCCCCCCCCCCCO,332.9,10.1016/j.gee.2020.11.020,313.39999999999998,0.70099999999999996,Yes,10.1021/acs.jpcb.0c02386,Type V
Menthol,CC(C)[C@@H]1CC[C@@H](C)C[C@H]1O,314.60000000000002,Octadecan-1-ol,CCCCCCCCCCCCCCCCCCO,332.9,10.1016/j.gee.2020.11.020,307.8,0.8,Yes,10.1021/acs.jpcb.0c02386,Type V
Menthol,CC(C)[C@@H]1CC[C@@H](C)C[C@H]1O,314.60000000000002,Octadecan-1-ol,CCCCCCCCCCCCCCCCCCO,332.9,10.1016/j.gee.2020.11.020,309,0.9,Yes,10.1021/acs.jpcb.0c02386,Type V
Menthol,CC(C)[C@@H]1CC[C@@H](C)C[C@H]1O,314.6,Palmitic Acid,CCCCCCCCCCCCCCCC(=O)O,336.8,10.1016/j.gee.2020.11.020,333.43,0.1,Yes,10.1021/acssuschemeng.8b01203,Type V
Menthol,CC(C)[C@@H]1CC[C@@H](C)C[C@H]1O,314.60000000000002,Palmitic Acid,CCCCCCCCCCCCCCCC(=O)O,336.8,10.1016/j.gee.2020.11.020,332.2,0.2,Yes,10.1021/acssuschemeng.8b01203,Type V
Menthol,CC(C)[C@@H]1CC[C@@H](C)C[C@H]1O,314.60000000000002,Palmitic Acid,CCCCCCCCCCCCCCCC(=O)O,336.8,10.1016/j.gee.2020.11.020,329.91,0.3,Yes,10.1021/acssuschemeng.8b01203,Type V
Menthol,CC(C)[C@@H]1CC[C@@H](C)C[C@H]1O,314.60000000000002,Palmitic Acid,CCCCCCCCCCCCCCCC(=O)O,336.8,10.1016/j.gee.2020.11.020,327.3,0.41,Yes,10.1021/acssuschemeng.8b01203,Type V
Menthol,CC(C)[C@@H]1CC[C@@H](C)C[C@H]1O,314.60000000000002,Palmitic Acid,CCCCCCCCCCCCCCCC(=O)O,336.8,10.1016/j.gee.2020.11.020,325.36,0.5,Yes,10.1021/acssuschemeng.8b01203,Type V
Menthol,CC(C)[C@@H]1CC[C@@H](C)C[C@H]1O,314.60000000000002,Palmitic Acid,CCCCCCCCCCCCCCCC(=O)O,336.8,10.1016/j.gee.2020.11.020,322.82,0.6,Yes,10.1021/acssuschemeng.8b01203,Type V
Menthol,CC(C)[C@@H]1CC[C@@H](C)C[C@H]1O,314.60000000000002,Palmitic Acid,CCCCCCCCCCCCCCCC(=O)O,336.8,10.1016/j.gee.2020.11.020,317.07,0.7,Yes,10.1021/acssuschemeng.8b01203,Type V
Menthol,CC(C)[C@@H]1CC[C@@H](C)C[C@H]1O,314.60000000000002,Palmitic Acid,CCCCCCCCCCCCCCCC(=O)O,336.8,10.1016/j.gee.2020.11.020,308.61,0.8,Yes,10.1021/acssuschemeng.8b01203,Type V
Menthol,CC(C)[C@@H]1CC[C@@H](C)C[C@H]1O,314.60000000000002,Palmitic Acid,CCCCCCCCCCCCCCCC(=O)O,336.8,10.1016/j.gee.2020.11.020,308.52999999999997,0.9,Yes,10.1021/acssuschemeng.8b01203,Type V
Menthol,CC(C)[C@@H]1CC[C@@H](C)C[C@H]1O,314.6,Phenylpropionic Acid,O=C(O)CCc1ccccc1,321.1,10.1016/j.gee.2020.11.020,315.35,0.1,Yes,10.3390/molecules25051077,Type V
Menthol,CC(C)[C@@H]1CC[C@@H](C)C[C@H]1O,314.60000000000002,Phenylpropionic Acid,O=C(O)CCc1ccccc1,321.10000000000002,10.1016/j.gee.2020.11.020,309.64999999999998,0.2,Yes,10.3390/molecules25051077,Type V
Menthol,CC(C)[C@@H]1CC[C@@H](C)C[C@H]1O,314.60000000000002,Phenylpropionic Acid,O=C(O)CCc1ccccc1,321.10000000000002,10.1016/j.gee.2020.11.020,303.95,0.3,Yes,10.3390/molecules25051077,Type V
Menthol,CC(C)[C@@H]1CC[C@@H](C)C[C@H]1O,314.60000000000002,Phenylpropionic Acid,O=C(O)CCc1ccccc1,321.10000000000002,10.1016/j.gee.2020.11.020,296.93,0.4,Yes,10.3390/molecules25051077,Type V
Menthol,CC(C)[C@@H]1CC[C@@H](C)C[C@H]1O,314.60000000000002,Phenylpropionic Acid,O=C(O)CCc1ccccc1,321.10000000000002,10.1016/j.gee.2020.11.020,290.35000000000002,0.5,Yes,10.3390/molecules25051077,Type V
Menthol,CC(C)[C@@H]1CC[C@@H](C)C[C@H]1O,314.60000000000002,Phenylpropionic Acid,O=C(O)CCc1ccccc1,321.10000000000002,10.1016/j.gee.2020.11.020,284.20999999999998,0.6,Yes,10.3390/molecules25051077,Type V
Menthol,CC(C)[C@@H]1CC[C@@H](C)C[C@H]1O,314.60000000000002,Phenylpropionic Acid,O=C(O)CCc1ccccc1,321.10000000000002,10.1016/j.gee.2020.11.020,291.67,0.7,Yes,10.3390/molecules25051077,Type V
Menthol,CC(C)[C@@H]1CC[C@@H](C)C[C@H]1O,314.60000000000002,Phenylpropionic Acid,O=C(O)CCc1ccccc1,321.10000000000002,10.1016/j.gee.2020.11.020,299.56,0.8,Yes,10.3390/molecules25051077,Type V
Menthol,CC(C)[C@@H]1CC[C@@H](C)C[C@H]1O,314.60000000000002,Phenylpropionic Acid,O=C(O)CCc1ccccc1,321.10000000000002,10.1016/j.gee.2020.11.020,307.45999999999998,0.9,Yes,10.3390/molecules25051077,Type V
Menthol,CC(C)[C@@H]1CC[C@@H](C)C[C@H]1O,314.60000000000002,Salicylic Acid,O=C(O)c1ccccc1O,432.15,10.1016/j.molliq.2020.114745,297.89999999999998,0.85,No,10.1039/C9CC04846D,Type V
Menthol,CC(C)[C@@H]1CC[C@@H](C)C[C@H]1O,314.6,Stearic Acid,CCCCCCCCCCCCCCCCCC(=O)O,343.67,10.1021/acs.jpcb.0c02386,340.88,0.1,Yes,10.1021/acssuschemeng.8b01203,Type V
Menthol,CC(C)[C@@H]1CC[C@@H](C)C[C@H]1O,314.60000000000002,Stearic Acid,CCCCCCCCCCCCCCCCCC(=O)O,343.67,10.1021/acs.jpcb.0c02386,338.68,0.2,Yes,10.1021/acssuschemeng.8b01203,Type V
Menthol,CC(C)[C@@H]1CC[C@@H](C)C[C@H]1O,314.60000000000002,Stearic Acid,CCCCCCCCCCCCCCCCCC(=O)O,343.67,10.1021/acs.jpcb.0c02386,336.77,0.31,Yes,10.1021/acssuschemeng.8b01203,Type V
Menthol,CC(C)[C@@H]1CC[C@@H](C)C[C@H]1O,314.60000000000002,Stearic Acid,CCCCCCCCCCCCCCCCCC(=O)O,343.67,10.1021/acs.jpcb.0c02386,335.17,0.4,Yes,10.1021/acssuschemeng.8b01203,Type V
Menthol,CC(C)[C@@H]1CC[C@@H](C)C[C@H]1O,314.60000000000002,Stearic Acid,CCCCCCCCCCCCCCCCCC(=O)O,343.67,10.1021/acs.jpcb.0c02386,332.85,0.5,Yes,10.1021/acssuschemeng.8b01203,Type V
Menthol,CC(C)[C@@H]1CC[C@@H](C)C[C@H]1O,314.60000000000002,Stearic Acid,CCCCCCCCCCCCCCCCCC(=O)O,343.67,10.1021/acs.jpcb.0c02386,330.76,0.6,Yes,10.1021/acssuschemeng.8b01203,Type V
Menthol,CC(C)[C@@H]1CC[C@@H](C)C[C@H]1O,314.60000000000002,Stearic Acid,CCCCCCCCCCCCCCCCCC(=O)O,343.67,10.1021/acs.jpcb.0c02386,322.99,0.7,Yes,10.1021/acssuschemeng.8b01203,Type V
Menthol,CC(C)[C@@H]1CC[C@@H](C)C[C@H]1O,314.60000000000002,Stearic Acid,CCCCCCCCCCCCCCCCCC(=O)O,343.67,10.1021/acs.jpcb.0c02386,316.14,0.8,Yes,10.1021/acssuschemeng.8b01203,Type V
Menthol,CC(C)[C@@H]1CC[C@@H](C)C[C@H]1O,314.60000000000002,Stearic Acid,CCCCCCCCCCCCCCCCCC(=O)O,343.67,10.1021/acs.jpcb.0c02386,308.60000000000002,0.9,Yes,10.1021/acssuschemeng.8b01203,Type V
Menthol,CC(C)[C@@H]1CC[C@@H](C)C[C@H]1O,314.6,Testosterone,C[C@]12CC[C@H]3[C@@H](CCC4=CC(=O)CC[C@@]43C)[C@@H]1CC[C@@H]2O,424.15,10.1016/j.molliq.2020.114745,412.048,0.196,Yes,10.1021/js9701465,Type V
Menthol,CC(C)[C@@H]1CC[C@@H](C)C[C@H]1O,314.60000000000002,Testosterone,C[C@]12CC[C@H]3[C@@H](CCC4=CC(=O)CC[C@@]43C)[C@@H]1CC[C@@H]2O,424.15,10.1016/j.molliq.2020.114745,396.17500000000001,0.40100000000000002,Yes,10.1021/js9701465,Type V
Menthol,CC(C)[C@@H]1CC[C@@H](C)C[C@H]1O,314.60000000000002,Testosterone,C[C@]12CC[C@H]3[C@@H](CCC4=CC(=O)CC[C@@]43C)[C@@H]1CC[C@@H]2O,424.15,10.1016/j.molliq.2020.114745,389.82499999999999,0.502,Yes,10.1021/js9701465,Type V
Menthol,CC(C)[C@@H]1CC[C@@H](C)C[C@H]1O,314.60000000000002,Testosterone,C[C@]12CC[C@H]3[C@@H](CCC4=CC(=O)CC[C@@]43C)[C@@H]1CC[C@@H]2O,424.15,10.1016/j.molliq.2020.114745,377.12700000000001,0.60199999999999998,Yes,10.1021/js9701465,Type V
Menthol,CC(C)[C@@H]1CC[C@@H](C)C[C@H]1O,314.60000000000002,Testosterone,C[C@]12CC[C@H]3[C@@H](CCC4=CC(=O)CC[C@@]43C)[C@@H]1CC[C@@H]2O,424.15,10.1016/j.molliq.2020.114745,368.238,0.67200000000000004,Yes,10.1021/js9701465,Type V
Menthol,CC(C)[C@@H]1CC[C@@H](C)C[C@H]1O,314.60000000000002,Testosterone,C[C@]12CC[C@H]3[C@@H](CCC4=CC(=O)CC[C@@]43C)[C@@H]1CC[C@@H]2O,424.15,10.1016/j.molliq.2020.114745,327.60300000000001,0.75600000000000001,Yes,10.1021/js9701465,Type V
Menthol,CC(C)[C@@H]1CC[C@@H](C)C[C@H]1O,314.60000000000002,Testosterone,C[C@]12CC[C@H]3[C@@H](CCC4=CC(=O)CC[C@@]43C)[C@@H]1CC[C@@H]2O,424.15,10.1016/j.molliq.2020.114745,312.36500000000001,0.81100000000000005,Yes,10.1021/js9701465,Type V
Menthol,CC(C)[C@@H]1CC[C@@H](C)C[C@H]1O,314.6,Thymol,Cc1ccc(C(C)C)c(O)c1,323.5,10.1016/j.gee.2020.11.020,317.9,0.101,Yes,10.1039/C9CC04846D,Type V
Menthol,CC(C)[C@@H]1CC[C@@H](C)C[C@H]1O,314.60000000000002,Thymol,Cc1ccc(C(C)C)c(O)c1,323.5,10.1016/j.gee.2020.11.020,308.3,0.20100000000000001,Yes,10.1039/C9CC04846D,Type V
Menthol,CC(C)[C@@H]1CC[C@@H](C)C[C@H]1O,314.60000000000002,Thymol,Cc1ccc(C(C)C)c(O)c1,323.5,10.1016/j.gee.2020.11.020,281.3,0.3,Yes,10.1039/C9CC04846D,Type V
Menthol,CC(C)[C@@H]1CC[C@@H](C)C[C@H]1O,314.60000000000002,Thymol,Cc1ccc(C(C)C)c(O)c1,323.5,10.1016/j.gee.2020.11.020,278.3,0.39800000000000002,Yes,10.1039/C9CC04846D,Type V
Menthol,CC(C)[C@@H]1CC[C@@H](C)C[C@H]1O,314.60000000000002,Thymol,Cc1ccc(C(C)C)c(O)c1,323.5,10.1016/j.gee.2020.11.020,265.39999999999998,0.46300000000000002,Yes,10.1039/C9CC04846D,Type V
Menthol,CC(C)[C@@H]1CC[C@@H](C)C[C@H]1O,314.60000000000002,Thymol,Cc1ccc(C(C)C)c(O)c1,323.5,10.1016/j.gee.2020.11.020,263.89999999999998,0.64800000000000002,Yes,10.1039/C9CC04846D,Type V
Menthol,CC(C)[C@@H]1CC[C@@H](C)C[C@H]1O,314.60000000000002,Thymol,Cc1ccc(C(C)C)c(O)c1,323.5,10.1016/j.gee.2020.11.020,272.39999999999998,0.7,Yes,10.1039/C9CC04846D,Type V
Menthol,CC(C)[C@@H]1CC[C@@H](C)C[C@H]1O,314.60000000000002,Thymol,Cc1ccc(C(C)C)c(O)c1,323.5,10.1016/j.gee.2020.11.020,295.5,0.8,Yes,10.1039/C9CC04846D,Type V
Menthol,CC(C)[C@@H]1CC[C@@H](C)C[C@H]1O,314.60000000000002,Thymol,Cc1ccc(C(C)C)c(O)c1,323.5,10.1016/j.gee.2020.11.020,304.39999999999998,0.89500000000000002,Yes,10.1039/C9CC04846D,Type V
Myristic Acid,CCCCCCCCCCCCCC(=O)O,327,Palmitic Acid,CCCCCCCCCCCCCCCC(=O)O,336.8,10.1016/j.gee.2020.11.020,335.41,0.049000,Yes,10.1016/j.chemphyslip.2009.05.004,Type V
Myristic Acid,CCCCCCCCCCCCCC(=O)O,327,Palmitic Acid,CCCCCCCCCCCCCCCC(=O)O,336.8,10.1016/j.gee.2020.11.020,334.06,0.10100000000000001,Yes,10.1016/j.chemphyslip.2009.05.004,Type V
Myristic Acid,CCCCCCCCCCCCCC(=O)O,327,Palmitic Acid,CCCCCCCCCCCCCCCC(=O)O,336.8,10.1016/j.gee.2020.11.020,332.87,0.151,Yes,10.1016/j.chemphyslip.2009.05.004,Type V
Myristic Acid,CCCCCCCCCCCCCC(=O)O,327,Palmitic Acid,CCCCCCCCCCCCCCCC(=O)O,336.8,10.1016/j.gee.2020.11.020,331.87,0.20200000000000001,Yes,10.1016/j.chemphyslip.2009.05.004,Type V
Myristic Acid,CCCCCCCCCCCCCC(=O)O,327,Palmitic Acid,CCCCCCCCCCCCCCCC(=O)O,336.8,10.1016/j.gee.2020.11.020,330.77,0.25169999999999998,Yes,10.1016/j.chemphyslip.2009.05.004,Type V
Myristic Acid,CCCCCCCCCCCCCC(=O)O,327,Palmitic Acid,CCCCCCCCCCCCCCCC(=O)O,336.8,10.1016/j.gee.2020.11.020,329.63,0.30270000000000002,Yes,10.1016/j.chemphyslip.2009.05.004,Type V
Myristic Acid,CCCCCCCCCCCCCC(=O)O,327,Palmitic Acid,CCCCCCCCCCCCCCCC(=O)O,336.8,10.1016/j.gee.2020.11.020,328.01,0.34910000000000002,Yes,10.1016/j.chemphyslip.2009.05.004,Type V
Myristic Acid,CCCCCCCCCCCCCC(=O)O,327,Palmitic Acid,CCCCCCCCCCCCCCCC(=O)O,336.8,10.1016/j.gee.2020.11.020,326,0.4002,Yes,10.1016/j.chemphyslip.2009.05.004,Type V
Myristic Acid,CCCCCCCCCCCCCC(=O)O,327,Palmitic Acid,CCCCCCCCCCCCCCCC(=O)O,336.8,10.1016/j.gee.2020.11.020,321.27,0.44990000000000002,Yes,10.1016/j.chemphyslip.2009.05.004,Type V
Myristic Acid,CCCCCCCCCCCCCC(=O)O,327,Palmitic Acid,CCCCCCCCCCCCCCCC(=O)O,336.8,10.1016/j.gee.2020.11.020,321.75,0.50229999999999997,Yes,10.1016/j.chemphyslip.2009.05.004,Type V
Myristic Acid,CCCCCCCCCCCCCC(=O)O,327,Palmitic Acid,CCCCCCCCCCCCCCCC(=O)O,336.8,10.1016/j.gee.2020.11.020,321.99,0.55049999999999999,Yes,10.1016/j.chemphyslip.2009.05.004,Type V
Myristic Acid,CCCCCCCCCCCCCC(=O)O,327,Palmitic Acid,CCCCCCCCCCCCCCCC(=O)O,336.8,10.1016/j.gee.2020.11.020,321.18,0.60440000000000005,Yes,10.1016/j.chemphyslip.2009.05.004,Type V
Myristic Acid,CCCCCCCCCCCCCC(=O)O,327,Palmitic Acid,CCCCCCCCCCCCCCCC(=O)O,336.8,10.1016/j.gee.2020.11.020,320.64,0.64980000000000004,Yes,10.1016/j.chemphyslip.2009.05.004,Type V
Myristic Acid,CCCCCCCCCCCCCC(=O)O,327,Palmitic Acid,CCCCCCCCCCCCCCCC(=O)O,336.8,10.1016/j.gee.2020.11.020,320.42,0.69840000000000002,Yes,10.1016/j.chemphyslip.2009.05.004,Type V
Myristic Acid,CCCCCCCCCCCCCC(=O)O,327,Palmitic Acid,CCCCCCCCCCCCCCCC(=O)O,336.8,10.1016/j.gee.2020.11.020,319.95999999999998,0.72030000000000005,Yes,10.1016/j.chemphyslip.2009.05.004,Type V
Myristic Acid,CCCCCCCCCCCCCC(=O)O,327,Palmitic Acid,CCCCCCCCCCCCCCCC(=O)O,336.8,10.1016/j.gee.2020.11.020,324.04000000000002,0.84989999999999999,Yes,10.1016/j.chemphyslip.2009.05.004,Type V
Myristic Acid,CCCCCCCCCCCCCC(=O)O,327,Palmitic Acid,CCCCCCCCCCCCCCCC(=O)O,336.8,10.1016/j.gee.2020.11.020,325.54000000000002,0.90039999999999998,Yes,10.1016/j.chemphyslip.2009.05.004,Type V
Oleic acid,CCCCCCCC/C=C\CCCCCCCC(=O)O,289.45,Capric Acid,CCCCCCCCCC(=O)O,304.8,10.1016/j.gee.2020.11.020,301.2,0.1,Yes,10.1016/j.ijggc.2019.102839,Type V
Oleic acid,CCCCCCCC/C=C\CCCCCCCC(=O)O,289.45,Capric Acid,CCCCCCCCCC(=O)O,304.8,10.1016/j.gee.2020.11.020,296.70999999999998,0.2,Yes,10.1016/j.ijggc.2019.102839,Type V
Oleic acid,CCCCCCCC/C=C\CCCCCCCC(=O)O,289.45,Capric Acid,CCCCCCCCCC(=O)O,304.8,10.1016/j.gee.2020.11.020,289.87,0.3,Yes,10.1016/j.ijggc.2019.102839,Type V
Oleic acid,CCCCCCCC/C=C\CCCCCCCC(=O)O,289.45,Capric Acid,CCCCCCCCCC(=O)O,304.8,10.1016/j.gee.2020.11.020,283.68,0.4,Yes,10.1016/j.ijggc.2019.102839,Type V
Oleic acid,CCCCCCCC/C=C\CCCCCCCC(=O)O,289.45,Capric Acid,CCCCCCCCCC(=O)O,304.8,10.1016/j.gee.2020.11.020,281.33,0.5,Yes,10.1016/j.ijggc.2019.102839,Type V
Oleic acid,CCCCCCCC/C=C\CCCCCCCC(=O)O,289.45,Capric Acid,CCCCCCCCCC(=O)O,304.8,10.1016/j.gee.2020.11.020,272.77999999999997,0.6,Yes,10.1016/j.ijggc.2019.102839,Type V
Oleic acid,CCCCCCCC/C=C\CCCCCCCC(=O)O,289.45,Capric Acid,CCCCCCCCCC(=O)O,304.8,10.1016/j.gee.2020.11.020,277.48,0.7,Yes,10.1016/j.ijggc.2019.102839,Type V
Oleic acid,CCCCCCCC/C=C\CCCCCCCC(=O)O,289.45,Capric Acid,CCCCCCCCCC(=O)O,304.8,10.1016/j.gee.2020.11.020,282.82,0.8,Yes,10.1016/j.ijggc.2019.102839,Type V
Oleic acid,CCCCCCCC/C=C\CCCCCCCC(=O)O,289.45,Capric Acid,CCCCCCCCCC(=O)O,304.8,10.1016/j.gee.2020.11.020,285.39,0.9,Yes,10.1016/j.ijggc.2019.102839,Type V
Palmitic Acid,CCCCCCCCCCCCCCCC(=O)O,336.8,Ibuprofen,CC(C)Cc1ccc(C(C)C(=O)O)cc1,350.4,10.1016/j.gee.2020.11.020,343.91,0.097100,Yes,10.1007/s10973-012-2831-3,Type V
Palmitic Acid,CCCCCCCCCCCCCCCC(=O)O,336.8,Ibuprofen,CC(C)Cc1ccc(C(C)C(=O)O)cc1,350.4,10.1016/j.gee.2020.11.020,340.64,0.19350000000000001,Yes,10.1007/s10973-012-2831-3,Type V
Palmitic Acid,CCCCCCCCCCCCCCCC(=O)O,336.8,Ibuprofen,CC(C)Cc1ccc(C(C)C(=O)O)cc1,350.4,10.1016/j.gee.2020.11.020,334.48,0.29570000000000002,Yes,10.1007/s10973-012-2831-3,Type V
Palmitic Acid,CCCCCCCCCCCCCCCC(=O)O,336.8,Ibuprofen,CC(C)Cc1ccc(C(C)C(=O)O)cc1,350.4,10.1016/j.gee.2020.11.020,331.22,0.39950000000000002,Yes,10.1007/s10973-012-2831-3,Type V
Palmitic Acid,CCCCCCCCCCCCCCCC(=O)O,336.8,Ibuprofen,CC(C)Cc1ccc(C(C)C(=O)O)cc1,350.4,10.1016/j.gee.2020.11.020,323.69,0.5,Yes,10.1007/s10973-012-2831-3,Type V
Palmitic Acid,CCCCCCCCCCCCCCCC(=O)O,336.8,Ibuprofen,CC(C)Cc1ccc(C(C)C(=O)O)cc1,350.4,10.1016/j.gee.2020.11.020,328.79,0.59660000000000002,Yes,10.1007/s10973-012-2831-3,Type V
Palmitic Acid,CCCCCCCCCCCCCCCC(=O)O,336.8,Ibuprofen,CC(C)Cc1ccc(C(C)C(=O)O)cc1,350.4,10.1016/j.gee.2020.11.020,331.38,0.69799999999999995,Yes,10.1007/s10973-012-2831-3,Type V
Palmitic Acid,CCCCCCCCCCCCCCCC(=O)O,336.8,Ibuprofen,CC(C)Cc1ccc(C(C)C(=O)O)cc1,350.4,10.1016/j.gee.2020.11.020,332.53,0.79790000000000005,Yes,10.1007/s10973-012-2831-3,Type V
Palmitic Acid,CCCCCCCCCCCCCCCC(=O)O,336.8,Ibuprofen,CC(C)Cc1ccc(C(C)C(=O)O)cc1,350.4,10.1016/j.gee.2020.11.020,333.69,0.86819999999999997,Yes,10.1007/s10973-012-2831-3,Type V
Palmitic Acid,CCCCCCCCCCCCCCCC(=O)O,336.8,Stearic Acid,CCCCCCCCCCCCCCCCCC(=O)O,343.67,10.1021/acs.jpcb.0c02386,341.61,0.1004,Yes,10.1016/j.chemphyslip.2009.05.004,Type V
Palmitic Acid,CCCCCCCCCCCCCCCC(=O)O,336.8,Stearic Acid,CCCCCCCCCCCCCCCCCC(=O)O,343.67,10.1021/acs.jpcb.0c02386,339.79,0.2,Yes,10.1016/j.chemphyslip.2009.05.004,Type V
Palmitic Acid,CCCCCCCCCCCCCCCC(=O)O,336.8,Stearic Acid,CCCCCCCCCCCCCCCCCC(=O)O,343.67,10.1021/acs.jpcb.0c02386,337.49,0.2999,Yes,10.1016/j.chemphyslip.2009.05.004,Type V
Palmitic Acid,CCCCCCCCCCCCCCCC(=O)O,336.8,Stearic Acid,CCCCCCCCCCCCCCCCCC(=O)O,343.67,10.1021/acs.jpcb.0c02386,333.9,0.40010000000000001,Yes,10.1016/j.chemphyslip.2009.05.004,Type V
Palmitic Acid,CCCCCCCCCCCCCCCC(=O)O,336.8,Stearic Acid,CCCCCCCCCCCCCCCCCC(=O)O,343.67,10.1021/acs.jpcb.0c02386,330.76,0.49969999999999998,Yes,10.1016/j.chemphyslip.2009.05.004,Type V
Palmitic Acid,CCCCCCCCCCCCCCCC(=O)O,336.8,Stearic Acid,CCCCCCCCCCCCCCCCCC(=O)O,343.67,10.1021/acs.jpcb.0c02386,330.38,0.5998,Yes,10.1016/j.chemphyslip.2009.05.004,Type V
Palmitic Acid,CCCCCCCCCCCCCCCC(=O)O,336.8,Stearic Acid,CCCCCCCCCCCCCCCCCC(=O)O,343.67,10.1021/acs.jpcb.0c02386,329.06,0.6996,Yes,10.1016/j.chemphyslip.2009.05.004,Type V
Palmitic Acid,CCCCCCCCCCCCCCCC(=O)O,336.8,Stearic Acid,CCCCCCCCCCCCCCCCCC(=O)O,343.67,10.1021/acs.jpcb.0c02386,329.86,0.79910000000000003,Yes,10.1016/j.chemphyslip.2009.05.004,Type V
Palmitic Acid,CCCCCCCCCCCCCCCC(=O)O,336.8,Stearic Acid,CCCCCCCCCCCCCCCCCC(=O)O,343.67,10.1021/acs.jpcb.0c02386,333.64,0.88149999999999995,Yes,10.1016/j.chemphyslip.2009.05.004,Type V
Pelargonic Acid,CCCCCCCCC(=O)O,285.75,Lauric Acid,CCCCCCCCCCCC(=O)O,317.5,10.1016/j.gee.2020.11.020,310,0.143,Yes,10.1021/acssuschemeng.7b04235,Type V
Pelargonic Acid,CCCCCCCCC(=O)O,285.75,Lauric Acid,CCCCCCCCCCCC(=O)O,317.5,10.1016/j.gee.2020.11.020,305,0.25,Yes,10.1021/acssuschemeng.7b04235,Type V
Pelargonic Acid,CCCCCCCCC(=O)O,285.75,Lauric Acid,CCCCCCCCCCCC(=O)O,317.5,10.1016/j.gee.2020.11.020,302,0.33300000000000002,Yes,10.1021/acssuschemeng.7b04235,Type V
Pelargonic Acid,CCCCCCCCC(=O)O,285.75,Lauric Acid,CCCCCCCCCCCC(=O)O,317.5,10.1016/j.gee.2020.11.020,299,0.435,Yes,10.1021/acssuschemeng.7b04235,Type V
Pelargonic Acid,CCCCCCCCC(=O)O,285.75,Lauric Acid,CCCCCCCCCCCC(=O)O,317.5,10.1016/j.gee.2020.11.020,294,0.5,Yes,10.1021/acssuschemeng.7b04235,Type V
Pelargonic Acid,CCCCCCCCC(=O)O,285.75,Lauric Acid,CCCCCCCCCCCC(=O)O,317.5,10.1016/j.gee.2020.11.020,288,0.56499999999999995,Yes,10.1021/acssuschemeng.7b04235,Type V
Pelargonic Acid,CCCCCCCCC(=O)O,285.75,Lauric Acid,CCCCCCCCCCCC(=O)O,317.5,10.1016/j.gee.2020.11.020,285,0.66700000000000004,Yes,10.1021/acssuschemeng.7b04235,Type V
Pelargonic Acid,CCCCCCCCC(=O)O,285.75,Lauric Acid,CCCCCCCCCCCC(=O)O,317.5,10.1016/j.gee.2020.11.020,282,0.75,Yes,10.1021/acssuschemeng.7b04235,Type V
Pelargonic Acid,CCCCCCCCC(=O)O,285.75,Lauric Acid,CCCCCCCCCCCC(=O)O,317.5,10.1016/j.gee.2020.11.020,285,0.85699999999999998,Yes,10.1021/acssuschemeng.7b04235,Type V
Phenyl salicylate,O=C(Oc1ccccc1)c1ccccc1O,314.85000000000002,Lidocaine,CCN(CC)CC(=O)Nc1c(C)cccc1C,341.15,10.1016/j.molliq.2020.114745,291.35000000000002,0.56999999999999995,Yes,10.1016/j.tca.2009.08.016,Type V
Tetradecan-1-ol,CCCCCCCCCCCCCCO,311.7,Menthol,CC(C)[C@@H]1CC[C@@H](C)C[C@H]1O,314.6,10.1016/j.gee.2020.11.020,307.6,0.103,Yes,10.1021/acs.jpcb.0c02386,Type V
Tetradecan-1-ol,CCCCCCCCCCCCCCO,311.7,Menthol,CC(C)[C@@H]1CC[C@@H](C)C[C@H]1O,314.60000000000002,10.1016/j.gee.2020.11.020,294.60000000000002,0.20200000000000001,Yes,10.1021/acs.jpcb.0c02386,Type V
Tetradecan-1-ol,CCCCCCCCCCCCCCO,311.7,Menthol,CC(C)[C@@H]1CC[C@@H](C)C[C@H]1O,314.60000000000002,10.1016/j.gee.2020.11.020,290.60000000000002,0.3,Yes,10.1021/acs.jpcb.0c02386,Type V
Tetradecan-1-ol,CCCCCCCCCCCCCCO,311.7,Menthol,CC(C)[C@@H]1CC[C@@H](C)C[C@H]1O,314.60000000000002,10.1016/j.gee.2020.11.020,294,0.40200000000000002,Yes,10.1021/acs.jpcb.0c02386,Type V
Tetradecan-1-ol,CCCCCCCCCCCCCCO,311.7,Menthol,CC(C)[C@@H]1CC[C@@H](C)C[C@H]1O,314.60000000000002,10.1016/j.gee.2020.11.020,297.2,0.501,Yes,10.1021/acs.jpcb.0c02386,Type V
Tetradecan-1-ol,CCCCCCCCCCCCCCO,311.7,Menthol,CC(C)[C@@H]1CC[C@@H](C)C[C@H]1O,314.60000000000002,10.1016/j.gee.2020.11.020,302.60000000000002,0.60099999999999998,Yes,10.1021/acs.jpcb.0c02386,Type V
Tetradecan-1-ol,CCCCCCCCCCCCCCO,311.7,Menthol,CC(C)[C@@H]1CC[C@@H](C)C[C@H]1O,314.60000000000002,10.1016/j.gee.2020.11.020,304.2,0.69799999999999995,Yes,10.1021/acs.jpcb.0c02386,Type V
Tetradecan-1-ol,CCCCCCCCCCCCCCO,311.7,Menthol,CC(C)[C@@H]1CC[C@@H](C)C[C@H]1O,314.60000000000002,10.1016/j.gee.2020.11.020,309,0.80100000000000005,Yes,10.1021/acs.jpcb.0c02386,Type V
Tetradecan-1-ol,CCCCCCCCCCCCCCO,311.7,Menthol,CC(C)[C@@H]1CC[C@@H](C)C[C@H]1O,314.60000000000002,10.1016/j.gee.2020.11.020,310,0.89900000000000002,Yes,10.1021/acs.jpcb.0c02386,Type V
Tetradecan-1-ol,CCCCCCCCCCCCCCO,311.7,Thymol,Cc1ccc(C(C)C)c(O)c1,323.5,10.1016/j.gee.2020.11.020,319,0.1,Yes,10.1021/acs.jpcb.0c02386,Type V
Tetradecan-1-ol,CCCCCCCCCCCCCCO,311.7,Thymol,Cc1ccc(C(C)C)c(O)c1,323.5,10.1016/j.gee.2020.11.020,313.7,0.2,Yes,10.1021/acs.jpcb.0c02386,Type V
Tetradecan-1-ol,CCCCCCCCCCCCCCO,311.7,Thymol,Cc1ccc(C(C)C)c(O)c1,323.5,10.1016/j.gee.2020.11.020,300.2,0.3,Yes,10.1021/acs.jpcb.0c02386,Type V
Tetradecan-1-ol,CCCCCCCCCCCCCCO,311.7,Thymol,Cc1ccc(C(C)C)c(O)c1,323.5,10.1016/j.gee.2020.11.020,290,0.40100000000000002,Yes,10.1021/acs.jpcb.0c02386,Type V
Tetradecan-1-ol,CCCCCCCCCCCCCCO,311.7,Thymol,Cc1ccc(C(C)C)c(O)c1,323.5,10.1016/j.gee.2020.11.020,289.89999999999998,0.501,Yes,10.1021/acs.jpcb.0c02386,Type V
Tetradecan-1-ol,CCCCCCCCCCCCCCO,311.7,Thymol,Cc1ccc(C(C)C)c(O)c1,323.5,10.1016/j.gee.2020.11.020,298.2,0.60099999999999998,Yes,10.1021/acs.jpcb.0c02386,Type V
Tetradecan-1-ol,CCCCCCCCCCCCCCO,311.7,Thymol,Cc1ccc(C(C)C)c(O)c1,323.5,10.1016/j.gee.2020.11.020,301.39999999999998,0.7,Yes,10.1021/acs.jpcb.0c02386,Type V
Tetradecan-1-ol,CCCCCCCCCCCCCCO,311.7,Thymol,Cc1ccc(C(C)C)c(O)c1,323.5,10.1016/j.gee.2020.11.020,305.60000000000002,0.8,Yes,10.1021/acs.jpcb.0c02386,Type V
Tetradecan-1-ol,CCCCCCCCCCCCCCO,311.7,Thymol,Cc1ccc(C(C)C)c(O)c1,323.5,10.1016/j.gee.2020.11.020,309.39999999999998,0.9,Yes,10.1021/acs.jpcb.0c02386,Type V
Thymol,Cc1ccc(C(C)C)c(O)c1,323.5,Hexadecan-1-ol,CCCCCCCCCCCCCCCCO,324.4,10.1016/j.gee.2020.11.020,320.8,0.103,Yes,10.1021/acs.jpcb.0c02386,Type V
Thymol,Cc1ccc(C(C)C)c(O)c1,323.5,Hexadecan-1-ol,CCCCCCCCCCCCCCCCO,324.39999999999998,10.1016/j.gee.2020.11.020,318.8,0.20300000000000001,Yes,10.1021/acs.jpcb.0c02386,Type V
Thymol,Cc1ccc(C(C)C)c(O)c1,323.5,Hexadecan-1-ol,CCCCCCCCCCCCCCCCO,324.39999999999998,10.1016/j.gee.2020.11.020,314.10000000000002,0.30099999999999999,Yes,10.1021/acs.jpcb.0c02386,Type V
Thymol,Cc1ccc(C(C)C)c(O)c1,323.5,Hexadecan-1-ol,CCCCCCCCCCCCCCCCO,324.39999999999998,10.1016/j.gee.2020.11.020,309.39999999999998,0.40100000000000002,Yes,10.1021/acs.jpcb.0c02386,Type V
Thymol,Cc1ccc(C(C)C)c(O)c1,323.5,Hexadecan-1-ol,CCCCCCCCCCCCCCCCO,324.39999999999998,10.1016/j.gee.2020.11.020,306.60000000000002,0.5,Yes,10.1021/acs.jpcb.0c02386,Type V
Thymol,Cc1ccc(C(C)C)c(O)c1,323.5,Hexadecan-1-ol,CCCCCCCCCCCCCCCCO,324.39999999999998,10.1016/j.gee.2020.11.020,301.8,0.60199999999999998,Yes,10.1021/acs.jpcb.0c02386,Type V
Thymol,Cc1ccc(C(C)C)c(O)c1,323.5,Hexadecan-1-ol,CCCCCCCCCCCCCCCCO,324.39999999999998,10.1016/j.gee.2020.11.020,306.10000000000002,0.7,Yes,10.1021/acs.jpcb.0c02386,Type V
Thymol,Cc1ccc(C(C)C)c(O)c1,323.5,Hexadecan-1-ol,CCCCCCCCCCCCCCCCO,324.39999999999998,10.1016/j.gee.2020.11.020,312.60000000000002,0.79900000000000004,Yes,10.1021/acs.jpcb.0c02386,Type V
Thymol,Cc1ccc(C(C)C)c(O)c1,323.5,Hexadecan-1-ol,CCCCCCCCCCCCCCCCO,324.39999999999998,10.1016/j.gee.2020.11.020,318.2,0.9,Yes,10.1021/acs.jpcb.0c02386,Type V
Thymol,Cc1ccc(C(C)C)c(O)c1,323.5,Ibuprofen,CC(C)Cc1ccc(C(C)C(=O)O)cc1,350.4,10.1016/j.gee.2020.11.020,305.14999999999998,0.67,Yes,10.1016/j.molliq.2020.114745,Type V
Thymol,Cc1ccc(C(C)C)c(O)c1,323.5,Myristic Acid,CCCCCCCCCCCCCC(=O)O,327,10.1016/j.gee.2020.11.020,325.83,0.1,Yes,10.1021/acssuschemeng.8b01203,Type V
Thymol,Cc1ccc(C(C)C)c(O)c1,323.5,Myristic Acid,CCCCCCCCCCCCCC(=O)O,327,10.1016/j.gee.2020.11.020,322.41000000000003,0.2,Yes,10.1021/acssuschemeng.8b01203,Type V
Thymol,Cc1ccc(C(C)C)c(O)c1,323.5,Myristic Acid,CCCCCCCCCCCCCC(=O)O,327,10.1016/j.gee.2020.11.020,319.51,0.3,Yes,10.1021/acssuschemeng.8b01203,Type V
Thymol,Cc1ccc(C(C)C)c(O)c1,323.5,Myristic Acid,CCCCCCCCCCCCCC(=O)O,327,10.1016/j.gee.2020.11.020,317.42,0.4,Yes,10.1021/acssuschemeng.8b01203,Type V
Thymol,Cc1ccc(C(C)C)c(O)c1,323.5,Myristic Acid,CCCCCCCCCCCCCC(=O)O,327,10.1016/j.gee.2020.11.020,313.95,0.5,Yes,10.1021/acssuschemeng.8b01203,Type V
Thymol,Cc1ccc(C(C)C)c(O)c1,323.5,Myristic Acid,CCCCCCCCCCCCCC(=O)O,327,10.1016/j.gee.2020.11.020,312.14,0.6,Yes,10.1021/acssuschemeng.8b01203,Type V
Thymol,Cc1ccc(C(C)C)c(O)c1,323.5,Myristic Acid,CCCCCCCCCCCCCC(=O)O,327,10.1016/j.gee.2020.11.020,309.05,0.7,Yes,10.1021/acssuschemeng.8b01203,Type V
Thymol,Cc1ccc(C(C)C)c(O)c1,323.5,Myristic Acid,CCCCCCCCCCCCCC(=O)O,327,10.1016/j.gee.2020.11.020,312.3,0.8,Yes,10.1021/acssuschemeng.8b01203,Type V
Thymol,Cc1ccc(C(C)C)c(O)c1,323.5,Myristic Acid,CCCCCCCCCCCCCC(=O)O,327,10.1016/j.gee.2020.11.020,318.44,0.9,Yes,10.1021/acssuschemeng.8b01203,Type V
Thymol,Cc1ccc(C(C)C)c(O)c1,323.5,Octadecan-1-ol,CCCCCCCCCCCCCCCCCCO,332.9,10.1016/j.gee.2020.11.020,330.6,0.101,Yes,10.1021/acs.jpcb.0c02386,Type V
Thymol,Cc1ccc(C(C)C)c(O)c1,323.5,Octadecan-1-ol,CCCCCCCCCCCCCCCCCCO,332.9,10.1016/j.gee.2020.11.020,327.9,0.20100000000000001,Yes,10.1021/acs.jpcb.0c02386,Type V
Thymol,Cc1ccc(C(C)C)c(O)c1,323.5,Octadecan-1-ol,CCCCCCCCCCCCCCCCCCO,332.9,10.1016/j.gee.2020.11.020,324.60000000000002,0.30099999999999999,Yes,10.1021/acs.jpcb.0c02386,Type V
Thymol,Cc1ccc(C(C)C)c(O)c1,323.5,Octadecan-1-ol,CCCCCCCCCCCCCCCCCCO,332.9,10.1016/j.gee.2020.11.020,321.8,0.4,Yes,10.1021/acs.jpcb.0c02386,Type V
Thymol,Cc1ccc(C(C)C)c(O)c1,323.5,Octadecan-1-ol,CCCCCCCCCCCCCCCCCCO,332.9,10.1016/j.gee.2020.11.020,318.3,0.499,Yes,10.1021/acs.jpcb.0c02386,Type V
Thymol,Cc1ccc(C(C)C)c(O)c1,323.5,Octadecan-1-ol,CCCCCCCCCCCCCCCCCCO,332.9,10.1016/j.gee.2020.11.020,314,0.60099999999999998,Yes,10.1021/acs.jpcb.0c02386,Type V
Thymol,Cc1ccc(C(C)C)c(O)c1,323.5,Octadecan-1-ol,CCCCCCCCCCCCCCCCCCO,332.9,10.1016/j.gee.2020.11.020,309.60000000000002,0.70099999999999996,Yes,10.1021/acs.jpcb.0c02386,Type V
Thymol,Cc1ccc(C(C)C)c(O)c1,323.5,Octadecan-1-ol,CCCCCCCCCCCCCCCCCCO,332.9,10.1016/j.gee.2020.11.020,310.2,0.79800000000000004,Yes,10.1021/acs.jpcb.0c02386,Type V
Thymol,Cc1ccc(C(C)C)c(O)c1,323.5,Octadecan-1-ol,CCCCCCCCCCCCCCCCCCO,332.9,10.1016/j.gee.2020.11.020,318.60000000000002,0.9,Yes,10.1021/acs.jpcb.0c02386,Type V
Thymol,Cc1ccc(C(C)C)c(O)c1,323.5,Palmitic Acid,CCCCCCCCCCCCCCCC(=O)O,336.8,10.1016/j.gee.2020.11.020,334.1,0.11,Yes,10.1021/acssuschemeng.8b01203,Type V
Thymol,Cc1ccc(C(C)C)c(O)c1,323.5,Palmitic Acid,CCCCCCCCCCCCCCCC(=O)O,336.8,10.1016/j.gee.2020.11.020,331.72,0.21,Yes,10.1021/acssuschemeng.8b01203,Type V
Thymol,Cc1ccc(C(C)C)c(O)c1,323.5,Palmitic Acid,CCCCCCCCCCCCCCCC(=O)O,336.8,10.1016/j.gee.2020.11.020,329,0.3,Yes,10.1021/acssuschemeng.8b01203,Type V
Thymol,Cc1ccc(C(C)C)c(O)c1,323.5,Palmitic Acid,CCCCCCCCCCCCCCCC(=O)O,336.8,10.1016/j.gee.2020.11.020,327.45,0.4,Yes,10.1021/acssuschemeng.8b01203,Type V
Thymol,Cc1ccc(C(C)C)c(O)c1,323.5,Palmitic Acid,CCCCCCCCCCCCCCCC(=O)O,336.8,10.1016/j.gee.2020.11.020,324.31,0.5,Yes,10.1021/acssuschemeng.8b01203,Type V
Thymol,Cc1ccc(C(C)C)c(O)c1,323.5,Palmitic Acid,CCCCCCCCCCCCCCCC(=O)O,336.8,10.1016/j.gee.2020.11.020,320.48,0.6,Yes,10.1021/acssuschemeng.8b01203,Type V
Thymol,Cc1ccc(C(C)C)c(O)c1,323.5,Palmitic Acid,CCCCCCCCCCCCCCCC(=O)O,336.8,10.1016/j.gee.2020.11.020,318.25,0.7,Yes,10.1021/acssuschemeng.8b01203,Type V
Thymol,Cc1ccc(C(C)C)c(O)c1,323.5,Palmitic Acid,CCCCCCCCCCCCCCCC(=O)O,336.8,10.1016/j.gee.2020.11.020,311.83,0.8,Yes,10.1021/acssuschemeng.8b01203,Type V
Thymol,Cc1ccc(C(C)C)c(O)c1,323.5,Palmitic Acid,CCCCCCCCCCCCCCCC(=O)O,336.8,10.1016/j.gee.2020.11.020,317.7,0.9,Yes,10.1021/acssuschemeng.8b01203,Type V
Thymol,Cc1ccc(C(C)C)c(O)c1,323.5,Stearic Acid,CCCCCCCCCCCCCCCCCC(=O)O,343.67,10.1021/acs.jpcb.0c02386,341.05,0.1,Yes,10.1021/acssuschemeng.8b01203,Type V
Thymol,Cc1ccc(C(C)C)c(O)c1,323.5,Stearic Acid,CCCCCCCCCCCCCCCCCC(=O)O,343.67,10.1021/acs.jpcb.0c02386,339.37,0.2,Yes,10.1021/acssuschemeng.8b01203,Type V
Thymol,Cc1ccc(C(C)C)c(O)c1,323.5,Stearic Acid,CCCCCCCCCCCCCCCCCC(=O)O,343.67,10.1021/acs.jpcb.0c02386,337.45,0.3,Yes,10.1021/acssuschemeng.8b01203,Type V
Thymol,Cc1ccc(C(C)C)c(O)c1,323.5,Stearic Acid,CCCCCCCCCCCCCCCCCC(=O)O,343.67,10.1021/acs.jpcb.0c02386,334.71,0.4,Yes,10.1021/acssuschemeng.8b01203,Type V
Thymol,Cc1ccc(C(C)C)c(O)c1,323.5,Stearic Acid,CCCCCCCCCCCCCCCCCC(=O)O,343.67,10.1021/acs.jpcb.0c02386,332.62,0.5,Yes,10.1021/acssuschemeng.8b01203,Type V
Thymol,Cc1ccc(C(C)C)c(O)c1,323.5,Stearic Acid,CCCCCCCCCCCCCCCCCC(=O)O,343.67,10.1021/acs.jpcb.0c02386,329.42,0.6,Yes,10.1021/acssuschemeng.8b01203,Type V
Thymol,Cc1ccc(C(C)C)c(O)c1,323.5,Stearic Acid,CCCCCCCCCCCCCCCCCC(=O)O,343.67,10.1021/acs.jpcb.0c02386,325.51,0.7,Yes,10.1021/acssuschemeng.8b01203,Type V
Thymol,Cc1ccc(C(C)C)c(O)c1,323.5,Stearic Acid,CCCCCCCCCCCCCCCCCC(=O)O,343.67,10.1021/acs.jpcb.0c02386,322.48,0.8,Yes,10.1021/acssuschemeng.8b01203,Type V
Thymol,Cc1ccc(C(C)C)c(O)c1,323.5,Stearic Acid,CCCCCCCCCCCCCCCCCC(=O)O,343.67,10.1021/acs.jpcb.0c02386,316.70999999999998,0.9,Yes,10.1021/acssuschemeng.8b01203,Type V
Urea,NC(N)=O,405.85,Sulfathiazole,Nc1ccc(S(=O)(=O)Nc2nccs2)cc1,475.65,10.1016/j.molliq.2020.114745,456.5,0.33,Yes,10.1002/jps.2600600908,Type V
Urea,NC(N)=O,405.85,Sulfathiazole,Nc1ccc(S(=O)(=O)Nc2nccs2)cc1,475.65,10.1016/j.molliq.2020.114745,429.6,0.6,Yes,10.1002/jps.2600600908,Type V
Urea,NC(N)=O,405.85,Sulfathiazole,Nc1ccc(S(=O)(=O)Nc2nccs2)cc1,475.65,10.1016/j.molliq.2020.114745,395,0.8,Yes,10.1002/jps.2600600908,Type V
Urea,NC(N)=O,405.85,Sulfathiazole,Nc1ccc(S(=O)(=O)Nc2nccs2)cc1,475.65,10.1016/j.molliq.2020.114745,402.5,0.93,Yes,10.1002/jps.2600600908,Type V
Urea,NC(N)=O,405.85,Sulfathiazole,Nc1ccc(S(=O)(=O)Nc2nccs2)cc1,475.65,10.1016/j.molliq.2020.114745,406.2,0.97,Yes,10.1002/jps.2600600908,Type V
